,Campanhas de Doação - em andamento (mínimo 10 mil reais mobilizados),,,,,,,,,,
,Campanhas,Organizador (a) / Beneficiário (a),Cidade,Estado,Valor Doado,in Dollars,Doadores,Referência,Observação,,
1,40 sonhos em 1 clique - 1º Objetivo!,  Meninas da Shaarei Bina,São Paulo,SP,"R$ 16.946,18","$ 3.258,88",79,https://www.kickante.com.br/campanhas/ajuda-6,,,
2,4G para Estudar,Nossas,Nacional,BR,"R$ 606.570,00","$ 116.648,08",6833,https://www.4gparaestudar.org.br/,,,
3,#Ação342: Apoio para Coletivos de Favelas do Rio de Janeiro,Movimento 342 / Associação Procure Saber,Rio de Janeiro,RJ,"R$ 440.412,26","$ 84.694,67",1760,https://www.vakinha.com.br/vaquinha/acao342-apoio-para-coletivos-de-favelas-do-rio-de-janeiro,,,
4,#amorsolidario,Amor Solidário,São Paulo,SP,"R$ 20.505,14","$ 3.943,30",169,https://www.vakinha.com.br/vaquinha/amorsolidario,,,
5,#CufaContraoVirus CUFA Paraisópolis,Cufa Paraisópolis,São Paulo,SP,"R$ 25.806,16","$ 4.962,72",131,https://www.vakinha.com.br/vaquinha/cufacontraovirus-cufa-paraisopolis,,,
6,#doeHSP,HSP,São Paulo,SP,"R$ 4.916.917,00","$ 945.560,96",0,https://www.unifesp.br/doehsp,,,
7,#JuntosVenceremos,Instituto Dharma,São Paulo,SP,"R$ 83.391,00","$ 16.036,73",559,https://doacaolegal.com.br/c/juntos-venceremos,,,
8,#QuarentenaSolidariadaCasa,Casa da Criança e do Adolescente de Valinhos ,Vallinhos,SP,"R$ 30.165,72","$ 5.801,10",193,https://www.vakinha.com.br/vaquinha/quarentenasolidariadacasa,,,
9,#SANTACASAAFAVORDAVIDA,Santa Casa de Curitiba,Curitiba,PR,"R$ 524.976,35","$ 100.956,99",0,http://santacasacuritiba.com.br/santacasaafavordavida/,Descontada doação da Ouro Verde e da GT Building,,
10,#SolidarizaGoiania,Fabricio Rosa,Goiânia,GO,"R$ 36.448,30","$ 7.009,29",245,https://www.vakinha.com.br/vaquinha/solidarizagoiania,,,
11,#UmaMãoLavaOutra,Habitat Brasil,São Paulo,SP,"R$ 37.618,00","$ 7.234,23",285,https://www.catarse.me/umamaolavaoutra,,,
12,#VencendoJuntos,Vários Esportistas-Rede Esporte pela Mudança Social,Rio de Janeiro,RJ,"R$ 3.502.418,00","$ 673.541,92",0,https://www.vencendojuntos.com.br/,,,
13,A favela venceu! O Coronavírus perdeu,Movimento A Favela Venceu,Salvador,BA,"R$ 60.107,69","$ 11.559,17",280,https://www.kickante.com.br/campanhas/favela-venceu-combatendoocontagiocomunitario-0,,,
14,ABCP contra a Fome!,ABCP,São Paulo,SP,"R$ 15.910,00","$ 3.059,62",112,https://www.vakinha.com.br/vaquinha/abcp-contra-a-fome,,,
15,ABDDoe,Associação de Ex-Alunos da FMABC,São Bernardo do Campo,SP,"R$ 39.650,00","$ 7.625,00",243,https://abacashi.com/p/abc-doe,,,
16,Abrace uma Causa BV,Várias Organizações,São Paulo,SP,"R$ 2.860.000,00","$ 550.000,00",0,https://bancobv.abraceumacausa.com.br/,,,
17,Abraço Campeão,Abraço Campeão,Rio de Janeiro,RJ,"R$ 15.803,98","$ 3.039,23",0,https://combatecovid.org/abraco-campeao,,,
18,Ação Cidadania contra o Coronavírus,Ação da Cidadania,Rio de Janeiro,RJ,"R$ 2.478.580,00","$ 476.650,00",2442,https://benfeitoria.com/acaocontracorona,,,
19,Ações de Combate ao Corona Vírus,Hamburgada do Bem,Guarulhos,SP,"R$ 61.770,07","$ 11.878,86",546,https://www.vakinha.com.br/vaquinha/acoes-de-combate-ao-corona-virus,,,
20,Adec,Adec,Niterói,SP,"R$ 22.292,32","$ 4.286,98",0,https://combatecovid.org/adec,,,
21,ADOTE UM DEALER,Felipe Marques,São Paulo,SP,"R$ 19.259,76","$ 3.703,80",56,https://www.vakinha.com.br/vaquinha/adote-um-dealer-felipe-marques,,,
22,ADOTE UM LAVATÓRIO,Florescer Brasil,São Paulo,SP,"R$ 15.508,95","$ 2.982,49",116,https://www.vakinha.com.br/vaquinha/acao-covid19-lavatorios-publicos,,,
23,Adote uma diarista durante o coronavírus (COVID-19),G10 Favelas,São Paulo,SP,"R$ 126.660,00","$ 24.357,69",632,https://www.esolidar.com/br/crowdfunding/detail/6-adote-uma-diarista-durante-o-coronavirus-covid19,,,
24,Ajude as crianças do Centro de Educação Infantil Fé e Alegria ,Associação JIAC & Ação,Belo Horizonte,MG,"R$ 19.467,50","$ 3.743,75",164,https://www.vakinha.com.br/vaquinha/ajude-as-criancas-da-creche-fe-e-alegria-santa-luzia,,,
25,Ajuda ao povo do Complexo da Maré,Orquestra Maré do Amanhã,Rio de Janeiro,RJ,"R$ 37.335,85","$ 7.179,97",193,https://www.vakinha.com.br/vaquinha/ajuda-ao-povo-do-complexo-da-mare,,,
26,Ajuda aos queridos funcionários do Salão Hair 580,Funcionários Salão Hair,São Paulo,SP,"R$ 51.204,89","$ 9.847,09",248,https://www.vakinha.com.br/vaquinha/ajuda-aos-queridos-funcionarios-do-salao-hair-580,,,
27,Ajuda de ALIMENTOS para PESSOAS em VULNERABILIDADE SOCIAL,Seja Semente,Salvador,BA,"R$ 21.175,96","$ 4.072,30",229,https://www.vakinha.com.br/vaquinha/ajuda-para-alimentos-de-ambulantes-e-ongs,,,
28,Ajuda Humanitária - Coronavírus COVID-19,Fundação Banco do Brasil,Brasília,DF,"R$ 760.259,92","$ 146.203,83",17517,https://coronavirus.fbb.org.br/,,,
29,Ajuda Humanitária Brasil 200,Instituto Brasil 200,São Paulo,SP,"R$ 45.323,69","$ 8.716,09",175,https://www.vakinha.com.br/vaquinha/ajuda-humanitaria-brasil-200,,,
30,Ajuda para Asilo Jardim Público,Asilo São Vicente de Paulo,São Paulo,SP,"R$ 32.510,65","$ 6.252,05",289,https://www.vakinha.com.br/vaquinha/ajuda-para-o-asilo-jardim-publico,,,
31,Ajuda para confecção de EPI’s contra o Covid-19,Latieri Avila,Rio Grande,RS,"R$ 19.842,24","$ 3.815,82",216,https://www.vakinha.com.br/vaquinha/ajuda-para-confeccao-de-epi-s-contra-o-covid-19,,,
32,Ajudar os Moradores de Rua do Centro de SP,Flávio Vênancio dos Santos,São Paulo,SP,"R$ 21.876,45","$ 4.207,01",218,https://www.vakinha.com.br/vaquinha/ajudar-os-moradores-de-rua-do-centro-de-sp,,,
33,Ajude a APAE a vencer esse momento de pandemia!,APAE,Guanhães,MG,"R$ 12.618,00","$ 2.426,54",155,https://www.kickante.com.br/campanhas/ajude-apae-guanhaes,,,
34,Ajude a CUFA no projeto Mães da Favela,CUFA,Rio de Janeiro,RJ,"R$ 373.037,01","$ 71.737,89",3785,https://www.vakinha.com.br/vaquinha/ajude-a-cufa-no-projeto-maes-da-favela,,,
35,Ajude a Lagoa das Emas!,Projeto Veredas,,,"R$ 58.818,81","$ 11.311,31",310,https://www.vakinha.com.br/vaquinha/cestas-basicas-para-a-lagoa-das-emas,,,
36,Ajude a Orquestra Villa-Lobos a retomar as atividades e botar o BLOCO NA RUA!,Orquestra Villa-Lobos,Porto Alegre,RS,"R$ 60.296,00","$ 11.595,38",383,https://www.catarse.me/bloco_na_rua?ref=ctrse_explore_featured,,,
37,Ajude a Paraíba a vencer o Coronavírus,Comissão de Enfretamento ao Coronavírus da UFPB,João Pessoa,PB,"R$ 36.167,06","$ 6.955,20",171,https://www.vakinha.com.br/vaquinha/ajude-a-paraiba-a-vencer-o-coronavirus,,,
38,Ajude a Santa Casa BH no combate ao Coronavírus,Santa Casa BH,Belo Horizonte,MG,"R$ 32.183,38","$ 6.189,11",182,https://www.vakinha.com.br/vaquinha/ajude-a-santa-casa-no-combate-ao-coronavirus,,,
39,Ajude a Santa Casa Fernandópolis,Santa Casa de Fernandópolis,Fernandópolis,SP,"R$ 38.701,16","$ 7.442,53",183,https://www.vakinha.com.br/vaquinha/ajude-a-santa-casa-de-fernandopolis-santa-casa-de-fernandopolis,,,
40,Ajuda Comunidades Quilombolas e Tradicionais contra COVID 19,Quilombo dos Caetanos,Caucaia,CE,"R$ 25.570,00","$ 4.917,31",440,https://www.vakinha.com.br/vaquinha/ajuda-comunidades-quilombolas-comunidades-tradicionais,,,
41,Ajude a Toca do Baiacú,Toca do Baiacu,Rio de Janeiro,RJ,"R$ 13.300,00","$ 2.557,69",115,https://www.catarse.me/tocadobaiacu,,,
42,Ajude as Famílias do Interior do Amazonas Contra o COVID-19,Projeto Entrega,Manaus,AM,"R$ 33.342,63","$ 6.412,04",116,https://www.vakinha.com.br/vaquinha/ajude-as-familias-do-interior-do-amazonas-contra-o-covid-19,,,
43,Ajude as famílias do Lalá,Lalá - Lar de Lázaro,São Paulo,SP,"R$ 14.150,00","$ 2.721,15",78,https://www.catarse.me/ajudeolala,,,
44,Ajude de Casa - Fortaleza/CE,Lar das Crianças Domingos Sávio,Fortaleza,CE,"R$ 16.422,34","$ 3.158,14",41,https://www.vakinha.com.br/vaquinha/ajude-de-casa-fortaleza-ce,,,
45,Ajude o Hospital de Caridade de Carazinho,Hospital de Caridade de Carazinho,Carazinho,RS,"R$ 26.459,19","$ 5.088,31",204,https://www.vakinha.com.br/vaquinha/ajude-o-hospital-de-caridade-de-carazinho,,,
46,Ajude o Hospital Frei Caetano de Paraisópolis MG,Hospital Frei Caetano de Paraisópolis,Paraisópolis,MG,"R$ 34.447,43","$ 6.624,51",174,https://www.vakinha.com.br/vaquinha/ajude-o-hospital-frei-caetano-de-paraisopolis-mg-luciana-milene-da-silva-rosa,,,
47,Ajude o Hospital Paulo Fortes contra o CORONAVÍRUS,Hospital Dr. Paulo Fortes,São Mateus do Sul,PR,"R$ 15.823,39","$ 3.042,96",126,https://www.vakinha.com.br/vaquinha/ajude-o-hospital-paulo-fortes-contra-o-coronavirius,,,
48,Ajude o Vale do São Francisco,Unidos pelo combate ao coronavírus,Petrolina,PE,"R$ 139.962,73","$ 26.915,91",979,https://www.vakinha.com.br/vaquinha/compra-de-respiradores-para-coronavirus,,,
49,Ajude os heróis da cidade do Rio de Janeiro,Sabrina Coelho Sabatini,Rio de Janeiro,RJ,"R$ 16.988,77","$ 3.267,07",120,https://www.vakinha.com.br/vaquinha/ajude-os-herois-da-cidade-do-rio-de-janeiro,,,
50,Ajude os povos de Altamira,Campanha Solidária Pelas Famílias de Altamira,Altamira,PA,"R$ 72.125,73","$ 13.870,33",441,https://www.vakinha.com.br/vaquinha/ajude-os-povos-de-altamira,,,
51,ALCIONE Live Solidária,Alcione,Rio de Janeiro,RJ,"R$ 88.050,91","$ 16.932,87",1723,https://www.vakinha.com.br/vaquinha/alcione-live-solidaria,,,
52,Aldeia Tekoa Itakupe - Terra Indígena Jaraguá,Terra Indígena Jaraguá,São PAulo,SP,"R$ 17.612,00","$ 3.386,92",169,https://www.catarse.me/plana-itakupe,,,
53,Aliança para o enfrentamento da crise do novo Coronavírus para as populações ribeirinhas e povos indígenas do Amazonas,Welight,Manaus,AM,"R$ 51.488,16","$ 9.901,57",327,https://www.welight.io/combate-covid-no-am,,,
54,Alimentando a Esperança - Cidade SP,Instituto Visão Futuro,São Paulo,SP,"R$ 17.903,00","$ 3.442,88",196,https://apoia.se/alimentaesperanca,,,
55,Alimentando o Bem,Emar Batalha,São Paulo,SP,"R$ 103.241,91","$ 19.854,21",304,https://www.vakinha.com.br/vaquinha/alimentando-o-bem-emar-viana-batalha,,,
56,"Alô, Quem Fala?",Comissão de Gerenciamento de Soluções da Dublagem,,,"R$ 14.328,00","$ 2.755,38",104,https://www.catarse.me/alo_quem_fala_f374,,,
57,Amare em Ação contra o COVID-19,Amare,Fortaleza,CE,"R$ 157.050,54","$ 30.202,03",2460,https://www.vakinha.com.br/vaquinha/amare-em-acao-contra-o-covid-19-paulo-franca,,,
58,Amazônia contra a Covid-19,,,AM,"R$ 1.133.311,00","$ 217.944,42",11226,https://www.amazoniacontracovid.org.br/,,,
59,Amparaí,Misturaí,Porto Alegre,RS,"R$ 40.376,00","$ 7.764,62",469,https://apoia.se/misturai,,,
60,Apoie os povos do Território Indígena do Xingu contra a Covid-19,Associação Terra Indígena Xingu (Atix),Canarana,MT,"R$ 89.060,33","$ 17.126,99",562,https://www.vakinha.com.br/vaquinha/apoie-os-povos-do-territorio-indigena-do-xingu-contra-a-covid-19,,,
61,Apoie os povos indígenas,APIB,Brasília,DF,"R$ 458.584,08","$ 88.189,25",2820,https://www.vakinha.com.br/vaquinha/apoie-os-povos-indigenas,,,
62,Apoio a Diaristas,Movimento de Mulheres Olga Benario,,,"R$ 52.416,00","$ 10.080,00",451,https://apoia.se/apoioadiaristas,,,
63,Apoio aos indígenas do Xingu,Xingu,,,"R$ 23.792,00","$ 4.575,38",47,https://www.catarse.me/apoio_ao_xingu,,,
64,Apoio permanente para famílias negras e periféricas - Covid19,UNEAFRO,São Paulo,SP,"R$ 506.853,92","$ 97.471,91",3346,https://www.vakinha.com.br/vaquinha/campanha-de-solidariedade-em-tempos-de-coronavirus,,,
65,Arquitetos Voluntários | Hack for Brazil COVID-19,Arquitetos Voluntários,Porto Alegres,RS,"R$ 36.814,25","$ 7.079,66",259,https://www.vakinha.com.br/vaquinha/arquitetos-voluntarios-hack-for-brazil-covid-19,,,
66,Arrecadação para ajudar no enfrentamento ao COVID-19 - ANAFE,Associação Nacional dos Advogados Públicos Federais (ANAFE),Brasília,DF,"R$ 29.501,14","$ 5.673,30",204,https://www.vakinha.com.br/vaquinha/arrecadacao-para-ajudar-no-enfrentamento-ao-covid-19-anafe,,,
67,Arrecadação Solidária,Governo Federal,Brasília,DF,"R$ 10.842.580,00","$ 2.085.111,54",3980,https://patriavoluntaria.org/pt-BR/aggregators/f84092cc-2e1a-4b78-8d03-eac86ba640c4,Descontado 2 milhões e 800 mil da Bayer,,
68,Arte para Reconstruir - Comunidade Vale da Paz,Comunidade Vale da Paz,São Bernardo do Campo,SP,"R$ 10.320,00","$ 1.984,62",103,https://www.catarse.me/valedapaz,,,
69,Associação Cultural Quabales,Associação Cultural Quabales,Salvador,BA,"R$ 11.345,80","$ 2.181,88",0,https://combatecovid.org/quabales,,,
70,Auxilio Alimentação e Saúde do Povo Xetá devido ao COVID-19,Povo Indígena Xetá ,São Jerônimo da Serra,PR,"R$ 12.081,00","$ 2.323,27",121,https://www.vakinha.com.br/vaquinha/auxilio-alimentacao-e-saude-do-povo-xeta-devido-ao-covid-19,,,
71,Baixada Unida,Baixada Unida,Baixada Paulista,SP,"R$ 24.424,06","$ 4.696,93",171,https://www.vakinha.com.br/vaquinha/baixada-unida,,,
72,BC |Camboriú |Itapema |P. Belo |Bombinhas|Vale Itajaí X COVID-19,Alcino Pasqualotto Neto,Itapema,SC,"R$ 165.107,66","$ 31.751,47",207,https://www.vakinha.com.br/vaquinha/baln-camb-camb-itapema-e-porto-belo-juntas-contra-covid-19-alcino-pasqualotto-neto,,,
73,Bees of Love Ajuda Afetados Corona,Bees of Love,Rio de Janeiro,RJ,"R$ 41.918,50","$ 8.061,25",177,https://www.vakinha.com.br/vaquinha/bees-of-love-ajuda-afetados-corona-nicole-buffara,,,
74,Bolsa do Bem,Grupo,RIo de Janeiro,RJ,"R$ 292.740,00","$ 56.296,15",0,https://www.bolsadobem.org/,,,
75,Brasília maior que COVID,Eduardo Dib,Brasília,DF,"R$ 42.155,09","$ 8.106,75",393,https://www.vakinha.com.br/vaquinha/brasilia-maior-que-covid-impressao-3d-1,,,
76,BrazilFoundation em Ação – Juntos contra a COVID-19,BrazilFoundation,Rio de Janeiro,RJ,"R$ 9.600.000,00","$ 1.846.153,85",0,https://covid19.brazilfoundation.org/,,,
77,Campanha de Combate à Propagação do Coronavírus,OVG,Goiânia,GO,"R$ 1.994.521,00","$ 383.561,73",1505,http://www.ovg.org.br/voluntariado/campanha/424242,"Descontadas os valores já lançados em ""Doações""",,
78,Campanha para produção de remédios antroposóficos gratuitos,Associação Comunitária Yochanan & ABMA,São João del Rey,MG,"R$ 28.909,51","$ 5.559,52",72,https://www.vakinha.com.br/vaquinha/remedio-para-quem-precisa,,,
79,Campanha Salvando Vidas: apoio em dobro,BNDES,Rio de Janeiro,RJ,"R$ 23.795.996,00","$ 4.576.153,08",1404,https://benfeitoria.com/salvandovidas,Descontado 1 milhão de reais da Duratex e 1 milhão CPFL Energia,,
80,CAMPANHA SOLIDARIA MORRO SANTANA,Morro Santana,Porto Alegre,RS,"R$ 25.355,00","$ 4.875,96",262,https://www.vakinha.com.br/vaquinha/apoie-a-voz-do-morro-0f4b7ee1-243f-4e11-aede-a33faeaadb7e,,,
81,Campanha Unicamp Solidária: Cestas Básicas,Unicamp,Campinas,SP,"R$ 1.360.576,00","$ 261.649,23",803,http://www.funcamp.unicamp.br/portal/campanha/acompanhamento.htm,,,
82,CantoMobiliza,Canto Cidadão,São Paulo,SP,"R$ 14.580,01","$ 2.803,85",117,https://www.kickante.com.br/campanhas/cantomobiliza,,,
83,Cáritas RJ| Juntos pelos Refugiados!,Cáritas,Rio de Janeiro,RJ,"R$ 26.912,00","$ 5.175,38",253,https://www.kickante.com.br/campanhas/caritas-auxilie-familias-refugiadas,,,
84,CEPAC - Associação para Proteção das Crianças e Adolescentes,CEPAC - Associação para Proteção das Crianças e Adolescentes,Barueri,SP,"R$ 114.031,86","$ 21.929,20",0,https://combatecovid.org/cepac,,,
85,Cesta básica / Corona COVID-19 / TurmadaMarmita,Turma da Marmita,Cotia,SP,"R$ 20.128,12","$ 3.870,79",176,https://www.vakinha.com.br/vaquinha/cesta-basica-corona-covid-19-turmadamarmita,,,
86,Cesta Básica IM,Intermine,Osasco,SP,"R$ 15.935,80","$ 3.064,58",56,https://www.vakinha.com.br/vaquinha/cesta-basica-im,,,
87,Cesta Soidária contra o Coronavírus,Cesta Solidária,Porto Alegre,RS,"R$ 70.879,73","$ 13.630,72",574,https://www.vakinha.com.br/vaquinha/cesta-solidaria-contra-o-coronavirus,,,
88,Cestas Básicas em tempos de Coronavírus,Daléa Soares Antunes ,Rio de Janeiro,RJ,"R$ 55.923,19","$ 10.754,46",437,https://www.vakinha.com.br/vaquinha/cestas-basicas-em-tempos-de-coronavirus,,,
89,Cestas-básicas para famílias carentes!,Luma Elpidio,Araruama,RJ,"R$ 43.012,15","$ 8.271,57",898,https://www.vakinha.com.br/vaquinha/cestas-basicas-para-familias-carentes-luma-elpidio,,,
90,Cestou na Liga,Liga Solidária,São Paulo,SP,"R$ 74.310,00","$ 14.290,38",0,https://ligasolidaria.abraceumacausa.com.br/,,,
91,Colabora Agora,Colabora Agora,São Paulo,SP,"R$ 4.068.844,49","$ 782.470,09",800,https://www.bsocial.com.br/causa/colabora-agora,,,
92,Colabore com os hospitais ligados à UFMG,Hospitais UFMG,Belo Horizonte,MG,"R$ 4.987.820,20","$ 959.196,19",1839,https://evoe.cc/colabore-hospitais-ufmg,,,
93,Combate ao Covid -19 para famílias carentes,Bem Gasto e Associação Criança Brasil,São Paulo,MG,"R$ 10.920,00","$ 2.100,00",56,https://www.vakinha.com.br/vaquinha/bem-gasto-contra-o-covid-19,,,
94,CombateCovid Fundaçào Amor Horizontal,Fundação Amor Horizontal,São Paulo,SP,"R$ 972.812,32","$ 187.079,29",0,https://combatecovid.org/fundacao-amor-horizontal,,,
95,CombateCovid Morro do Papagaio,Morro do Papagaio,Belo Horizonte,MG,"R$ 42.289,90","$ 8.132,67",0,https://combatecovid.org/morro-do-papagaio,,,
96,Comida com Amor no COVID19,Comida com Amor,Rio de Janeiro,RJ,"R$ 46.854,02","$ 9.010,39",393,https://www.vakinha.com.br/vaquinha/comida-com-amor-no-covid19,,,
97,Compartilhe Privilégios,Recado Sociambiental,São Paulo,SP,"R$ 27.365,49","$ 5.262,59",170,https://www.vakinha.com.br/vaquinha/compartilhe-privilegios,,,
98,Complexo da Maré contra o Coronavírus,Julho Negro,Rio de Janeiro,RJ,"R$ 71.703,20","$ 13.789,08",528,https://www.vakinha.com.br/vaquinha/complexo-da-mare-contra-o-coronavirus,,,
99,Comprar E.P.I / equipamentos de ventilação para o Hospital Janduy Carneiro de Patos,Hospital Janduy Carneiro de Patos,Patos,PB,"R$ 23.164,17","$ 4.454,65",256,https://www.vakinha.com.br/vaquinha/comprar-equipamentos-de-ventilacao-mecanica-para-o-hospital-janduy-carneiro-de-patos-pb,,,
100,Conexão Positiva,Centro,Ribeirão Preto,SP,"R$ 36.356,00","$ 6.991,54",171,https://sharity.com.br/conexao-positiva-2,,,
101,Corona no Paredão Fome Não,Gerando Falcões,São Paulo,SP,"R$ 11.205.550,00","$ 2.154.913,46",18000,https://gerandofalcoes.com/coronanoparedao,Descontado o valor da doação da Península Participações e BR Malls do BEm,e,https://www.instagram.com/tv/CB-1_5Ih75h/?utm_source=ig_web_copy_link
102,Corrente de amor pelo SUS,Patty Terrivel,São Paulo,SP,"R$ 121.664,74","$ 23.397,07",1005,https://www.vakinha.com.br/vaquinha/confeccao-de-mascaras-face-shield,,,
103,CORRENTE DO BEM CONTRA O CORONAVIRUS,Amigos do Bem,Brasília,DF,"R$ 16.299,30","$ 3.134,48",29,https://www.vakinha.com.br/vaquinha/corrente-do-bem-contra-o-coronavirus,,,
104,Costurando Solidariedade,Rede Design Possível,São Paulo,SP,"R$ 19.810,23","$ 3.809,66",178,https://www.vakinha.com.br/vaquinha/costurando-solidariedade,,,
105,COVID-19: Kits-emergência para famílias nas periferias do Recife,Recife de Luta,Recife,PE,"R$ 130.890,00","$ 25.171,15",983,https://www.vakinha.com.br/vaquinha/covid-19-kits-emergencia-para-familias-nas-periferias-do-recife,,,
106, COVID-19 Maracaipe PE Campanha de alimento para as Marisqueiras,TPM Todas Para o Mar,Maracaípe,PE,"R$ 20.170,85","$ 3.879,01",230,https://www.vakinha.com.br/vaquinha/campanha-de-alimentos-para-as-mulheres-da-baia-de-maracaipe,,,
107,COVID-19: Precisamos da sua Ajuda,Instituto Ronald McDonald,Rio de Janeiro,RJ,"R$ 47.102,25","$ 9.058,13",173,https://institutoronald.doareacao.com.br/campanhas/campanha.html?id=93,,,
108,COVID-19 – PRODUÇÃO/DOAÇÃO MÁSCARAS PROTETORAS ,Atelie Setia Comunicação Visual,São Paulo,SP,"R$ 17.308,84","$ 3.328,62",215,https://www.vakinha.com.br/vaquinha/covid-19-producao-doacao-mascaras-protetoras,,,
109,CUFA Espírito Santo contra o COVID-19 nas periferias,CUFA ES,Vitória,ES,"R$ 12.973,00","$ 2.494,81",109,https://www.vakinha.com.br/vaquinha/cufa-espirito-santo-contra-o-covid-19-nas-periferias,,,
110,Dê mais cor à vida das idosas do Abrigo,Abrigo dos Velhinhos Frederico Ozanam,São Paulo,SP,"R$ 13.502,57","$ 2.596,65",92,https://www.kickante.com.br/campanhas/mais-cor-vida-das-idosas-do-abrigo,,,
111,Desafio 10x10,Edgar Gouvea,,BR,"R$ 183.416,85","$ 35.272,47",3681,https://desafio10x10.com.br/resultados,,,
112,DesafioCorona,Instituto da Criança,Rio de Janeiro,RJ,"R$ 176.571,22","$ 33.956,00",0,https://desafiocorona.com.br/,,,
113,Desafio Solidário,Lençois Paulista e Maracatuba,Lençóis Paulista,SP,"R$ 42.179,88","$ 8.111,52",115,https://www.kickante.com.br/campanhas/desafio-solidario,,,
114,DESPINA Viva!,Despina,Rio de Janeiro,RJ,"R$ 25.400,65","$ 4.884,74",76,https://www.vakinha.com.br/vaquinha/despina-viva,,,
115,Dias Melhores,Movimento Dias Melhores,Belo Horizonte,MG,"R$ 1.368.820,22","$ 263.234,66",2248,https://www.bsocial.com.br/causa/dias-melhores,,,
116,"Direito a quarentena é um privilégio, ajude as diaristas",Daniel Ruhman,São Paulo,SP,"R$ 46.994,15","$ 9.037,34",221,https://www.vakinha.com.br/vaquinha/direito-a-quarentena-e-um-privilegio-ajude-as-diaristas-do-br,,,
117,DIREITO SOLIDÁRIO,DIREITO SOLIDÁRIO,Porto Alegre,RS,"R$ 36.075,00","$ 6.937,50",280,https://apoia.se/direitosolidario,,,
118,Doação de Cestas Básicas - Grupo Alliance,Grupo Alliance,São Paulo,SP,"R$ 13.231,55","$ 2.544,53",65,https://www.kickante.com.br/campanhas/doacao-cestas-basicas-alliance,,,
119,Doação de cestas básicas durante a crise do Coronavírus,MARIO CAVALIERI,São Paulo,SP,"R$ 80.620,62","$ 15.503,97",239,https://www.vakinha.com.br/vaquinha/doacao-de-cestas-basicas-durante-a-crise-do-coronavirus,,,
120,DOE LIBERDADE!!!!!,Instituto Responsa,São Paulo,SP,"R$ 13.969,00","$ 2.686,35",67,https://www.vakinha.com.br/vaquinha/urgencia-corona-virus,,,
121,Dupla Ajuda,Dupla Ajuda,Batatais,SP,"R$ 17.930,00","$ 3.448,08",0,https://duplaajuda.abraceumacausa.com.br/,,,
122,Enfrentamento do COVID-19 - ACRE,Ricardo Martins,Rio Branco,AC,"R$ 37.160,23","$ 7.146,20",384,https://www.vakinha.com.br/vaquinha/enfrentamento-do-covid-19,,,
123,Esperança e Destino,Esperança e Destino,Suzano,SP,"R$ 31.708,00","$ 6.097,69",0,https://combatecovid.org/esperanca-e-destino,,,
124,É TEMPO DE SOLIDARIEDADE.,Projeto Ação Querer Bem,Rio de Janeiro,RJ,"R$ 15.893,54","$ 3.056,45",98,https://www.vakinha.com.br/vaquinha/troque-o-ovo-de-pascoa-por-uma-cesta-basica,,,
125,Fabricação de EPI-viseira para proteção médica,Alain Nascimento Guimarães,São Paulo,SP,"R$ 17.356,38","$ 3.337,77",158,https://www.vakinha.com.br/vaquinha/fabricacao-de-epi-viseira-para-protecao-medica,,,
126,Fabricação de Ventilador Mecânico Covid19,Orion,Londrina,PR,"R$ 39.925,00","$ 7.677,88",61,https://www.kickante.com.br/campanhas/nasce-uma-esperanca-na-luta-contra-covid-19-1,,,
127,Faça o Show Continuar,"Técnicos de som, roadies, iluminadores, bilheteiros, carregadores, seguranças.",Porto Alegre,RS,"R$ 20.577,86","$ 3.957,28",229,https://www.vakinha.com.br/vaquinha/faca-o-show-continuar,,,
128,Faça sua Doação,Instituto de Apoio à Criança com Câncer - IACC,Barbalha,CE,"R$ 12.072,00","$ 2.321,54",233,https://www.vakinha.com.br/vaquinha/faca-sua-doacao-fatima-regina-pontes-dantas-barros,,,
129,Família Apoia Família,Instituto ACP et all,São Paulo,SP,"R$ 4.773.497,00","$ 917.980,19",5818,https://benfeitoria.com/familias,Descontado ação da cidadania e doação Instituto ACP,,
130,Fiel Solidária: Auxílio a Afestados pelo COVID-19,Fiel Torcida,São Paulo,SP,"R$ 42.531,22","$ 8.179,08",342,https://www.vakinha.com.br/vaquinha/fiel-solidaria-auxilio-a-afetados-pelo-covid-19,,,
131,Fraternity Brazilian Waldorf School,Waldorf Quintal Mágico,Paraty,RJ,"R$ 10.630,00","$ 2.044,23",50,https://apoia.se/escolaquintalmagico?utm_source=RedesSolid%C3%A1rias,,,
132,Frente Indígena de Prevenção e Combate ao COVID-19,"Povos Indígenas Guarani, Kaingang, Laklãnõ Xokleng, Xetá e Charrua",Florianópolis,SC,"R$ 30.668,00","$ 5.897,69",271,https://doacaolegal.com.br/c/frente-indigena-de-prevencao-e-combate-ao-covid-19,,,
133,Fundo Auxílio aos Profissionais da Moda de São Paulo,Rodrigo Crespo,São Paulo,SP,"R$ 34.170,00","$ 6.571,15",120,https://www.vakinha.com.br/vaquinha/fundo-produtores-sao-paulo,,,
134,Fundo Baixada Santista Pela Vida,Baixada Santista,Santos,SP,"R$ 329.593,93","$ 63.383,45",0,https://combatecovid.org/fundo-baixada-santista-pela-vida,,,
135,Fundo de Apoio - Hardcore contra o Fascismo,Hardcore contra o Fascismo,,,"R$ 18.178,00","$ 3.495,77",593,https://www.catarse.me/hardcorecontraofascismo,,,
136,Fundo de emergência para pessoas Trans,Casa Chama,São Paulo,SP,"R$ 111.309,13","$ 21.405,60",879,https://www.vakinha.com.br/vaquinha/fundo-de-emergencia-para-pessoas-trans-1-3,,,
137,Fundo de emergência para Sem-Tetos afetados pelo coronavírus,MTST,São Paulo,SP,"R$ 1.169.916,74","$ 224.983,99",9254,https://www.vakinha.com.br/vaquinha/ajude-os-sem-teto-a-enfrentar-o-coronavirus,,,
138,Fundo de Impacto para Justiça Social,ICOM Floripa,Florianópolis,SC,"R$ 713.960,20","$ 137.300,04",340,http://coronavirus.icomfloripa.org.br/?edit_requested=true,,,
139,FUNDO EMERGENCIAL EM PROL DOS MORADORES DE RUA EM FORTALEZA - CE,Carlos De Thalisson,Fortaleza,CE,"R$ 20.428,82","$ 3.928,62",243,https://www.vakinha.com.br/vaquinha/ajuda-urgente-para-moradores-de-rua-em-fortaleza-ce,,,
140,Fundo Emergencial da Saúde,IDIS/MBM/BSocial,São Paulo,SP,"R$ 6.300.000,00","$ 1.211.538,46",10500,https://www.bsocial.com.br/causa/fundo-emergencial-para-a-saude-coronavirus-brasil,Descontada doação do TikoTok,,
141,FUNDO IASMINE,Myra Ruiz & Fabi Bang,São Paulo,SP,"R$ 51.722,00","$ 9.946,54",421,https://www.catarse.me/fundoiasmine,,,
142,Fundo para mães e trabalhadoras informais,Instituto Embarque,São Paulo,SP,"R$ 79.124,22","$ 15.216,20",405,https://www.vakinha.com.br/vaquinha/rede-de-apoio-as-maes-e-trabalhadoras-informais,,,
143,Fundo solidário Covid 19 para mães da favela,CUFA,Rio de Janeiro,RJ,"R$ 10.423.746,62","$ 2.004.566,66",0,https://www.maesdafavela.com.br/,Descontado 500 mil do PicPay e valor live Emicida,,
144,Fundo Solidário de Apoio às Famílias das Ocupações Urbanas em MG,Brigadas Populares de Minas Gerais,Belo Horizonte,MG,"R$ 50.640,47","$ 9.738,55",385,https://www.vakinha.com.br/vaquinha/fundo-solidario-emergencial-para-moradores-de-ocupacoes,,,
145,Fundo Solidário Despertar Coletivo,Projeto Despertar,,,"R$ 39.960,00","$ 7.684,62",612,https://apoia.se/despertarcoletivo,,,
146,HCComVIDA,Hospital das Clínicas de São Paulo,São Paulo,SP,"R$ 30.104.459,00","$ 5.789.319,04",7120,https://viralcure.org/hc,Descontada doação Wildlife,,
147,Heliopolis Contra o Corona,UNAS,São Paulo,SP,"R$ 9.860,00","$ 1.896,15",30,https://www.catarse.me/heliopoliscontraocorona,,,
148,Hospital de Amor - O Tratamento de Câncer Precisa Continuar,Hospital de Amor,Barretos,SP,"R$ 252.167,98","$ 48.493,84",994,https://www.vakinha.com.br/vaquinha/hospital-de-amor-o-tratamento-de-cancer-precisa-continuar,,,
149,Juntos contra o COVID-19,Carrefour,São Paulo,SP,"R$ 3.216.090,88","$ 618.479,02",0,https://comprasolidaria.carrefour.com.br/,,,
150,Juntos Pelo Complexo do Alemão,Complexo do Alemão,Rio de Janeiro,RJ,"R$ 15.056,00","$ 2.895,38",66,https://www.vakinha.com.br/vaquinha/juntos-pelo-complexo-do-alemao,,,
151,Juntos pelo HC-UFG contra a COVID-19,Hospital das Clínicas da Universidade Federal de Goiás,Goiânia,GO,"R$ 75.060,74","$ 14.434,76",410,https://www.vakinha.com.br/vaquinha/juntos-pelo-hc-ufg-contra-a-covid-19,,,
152,Juntos Transformarmos,XP Investimentos,São Paulo,SP,"R$ 2.957.344,00","$ 568.720,00",4142,https://www.charidy.com/juntostransformamos,Descontada a doação de 30 milhões da XP Investimentos,,
153,Kabu Solidário,INSTITUTO KABU,Novo Progresso,PA,"R$ 27.730,00","$ 5.332,69",90,https://www.vakinha.com.br/vaquinha/fundo-de-solidariedade-aos-kayapo-mekragnotire,,,
154,Levando amor em forma de alimento,Vizinhos Solidários,Recife,PE,"R$ 45.562,49","$ 8.762,02",396,https://www.vakinha.com.br/vaquinha/comida-para-moradores-de-rua-comida-para-os-moradores-de-rua,,,
155,Live Gabi Martins em Casa 2,Várias Organizações,Belo Horizonte,MG,"R$ 33.346,42","$ 6.412,77",523,https://www.vakinha.com.br/vaquinha/live-gabi-martins-em-casa-gabi-martins,,,
156,Manaus mais Humana,CODESE Manaus,Manaus,AM,"R$ 434.400,00","$ 83.538,46",0,https://manausmaishumana.com.br/,,,
157,Maré diz NÃO ao Coronavírus,Redes da Maré,Rio de Janeiro,RJ,"R$ 21.128,00","$ 4.063,08",95,https://www.catarse.me/marediznaoaocoronavirus,,,
158,Marmita do Bem,Anuar Tacach,São Paulo,SP,"R$ 152.767,07","$ 29.378,28",1536,https://www.kickante.com.br/campanhas/marmita-do-bem-0,,,
159,Marmita do Bem Londrina,Lucas Schietti,Londrina,PR,"R$ 44.990,00","$ 8.651,92",337,https://www.kickante.com.br/campanhas/marmita-do-bem-londrina,,,
160,Máscaras podem salvar vidas e gerar renda em Paraisópolis.,Ela – Instituto Educadoras do Brasil ,São Paulo,SP,"R$ 13.255,00","$ 2.549,04",104,https://www.vakinha.com.br/vaquinha/ela-apoia-o-projeto-costurando-sonhos-paraisopolis,,,
161,Matchfunding Enfrente,Fundação Tide Setúbal,São Paulo,SP,"R$ 2.324.358,33","$ 446.991,99",11192,https://benfeitoria.com/canal/enfrente,"Descontado o ""matching"" da campanha e doacão de 50 mil da Editora Mol",,
162,MESC - Compra de cestas básicas para enfrentarmos o Covid-19!,MESC,Duque de Caxias,RJ,"R$ 31.874,54","$ 6.129,72",143,https://www.vakinha.com.br/vaquinha/mesc-compra-de-cestas-basicas-para-enfrentarmos-o-covid-19,,,
163,Missão COVID-19,Expedicionários da Saúde,Campinas,SP,"R$ 6.490.562,01","$ 1.248.185,00",300,http://eds.org.br/,,,
164,Missão Covid | Consulta médica online gratuita,Médicos Voluntários,São Paulo,SP,"R$ 49.286,02","$ 9.478,08",355,https://www.kickante.com.br/campanhas/missao-covid-consulta-medica-online-gratuita,,,
165,Moradores de rua SEM FOME,Tais Rezende,São Paulo,SP,"R$ 24.130,00","$ 4.640,38",217,https://sharity.com.br/moradores-de-rua-sem-fome,,,
166,Movimento Conexão Favela: Missão COVID-19,Conexão Favela,São Paulo,SP,"R$ 21.427,41","$ 4.120,66",187,https://sharity.com.br/movimento-conexao-favela-missao-covid-19,,,
167,Movimento Solidário,FENAE,Belágua,MA,"R$ 186.280,00","$ 35.823,08",0,https://www.movimentosolidario.org.br/,,,
168,Movimento Supera Fortaleza,Sistema Verdes Mares,Fortaleza,CE,"R$ 488.802,00","$ 94.000,38",1855,https://www.kickante.com.br/campanhas/movimento-supera-fortaleza,,,
169,Movimento União Rio,Vários,Rio de Janeiro,RJ,"R$ 6.632.985,47","$ 1.275.574,13",0,https://www.movimentouniaorio.org/,Descontado os valores das campanhas Rio contra o Corona e UniãoRio,,
170,Mutirão do Bem Viver em resposta à pandemia,Mutirão do Bem Viver,Brasília,DF,"R$ 367.047,00","$ 70.585,96",3607,https://www.vakinha.com.br/vaquinha/mutirao-do-bem-viver-em-resposta-a-pandemia,,,
171,Na Luta contra a COVID-19,Hospital Albert Einstein,São Paulo,SP,"R$ 18.400.000,00","$ 3.538.461,54",0,http://doacaocoronavirus.einstein.br/,,,
172,NAÇÕES INDÍGENAS CONTRA COVID-19,Associação Indígena Kuikuro Alto Xingu,,,"R$ 27.650,00","$ 5.317,31",213,https://www.catarse.me/indigenascontracovid-19,,,
173,Nenhum a menos,Silvia Zaffarini,São Paulo,SP,"R$ 29.929,58","$ 5.755,69",71,https://www.vakinha.com.br/vaquinha/nenhum-a-menos,,,
174,Noroeste com Vida,Movimento Noroeste com Vida,Araçatuba,SP,"R$ 608.987,00","$ 117.112,88",267,https://www.bsocial.com.br/causa/noroeste-com-vida,,,
175,Nós não estamos sozinhos,CEMIG,Belo Horizonte,MG,"R$ 239.680,00","$ 46.092,31",0,https://nosnaoestamossozinhos.cemig.com.br/,,,
176,Nosso Lar Precisa de você,Nosso Lar,Campinas,SP,"R$ 36.007,60","$ 6.924,54",296,https://www.vakinha.com.br/vaquinha/nosso-lar-precisa-de-voce,,,
177,O CAMINHO DA LUZ NÃO PODE PARAR,Caminho da Luz,Bagé,RJ,"R$ 25.529,59","$ 4.909,54",188,https://www.vakinha.com.br/vaquinha/o-caminho-da-luz-nao-pode-parar-o-sinal-esta-vermelho-para-nos,,,
178,O HC precisa de você!,Associação Amigos do HC,Curitiba,PR,"R$ 1.361.794,04","$ 261.883,47",0,https://amigosdohc.org.br/project/o-hc-precisa-de-voce/,Descontada doação da Ouro Verde,,
179,O Momento é de União,ASID,São Paulo,SP,"R$ 47.049,00","$ 9.047,88",0,https://asidbrasil.colabore.org/juntospelainclusao/single_step,,,
180,Os impactos da pandemia chegaram. Ajude-nos!,ARCV,Santo André,SP,"R$ 14.620,00","$ 2.811,54",160,https://www.kickante.com.br/campanhas/precisamos-coracoes-valentes,,,
181,Oximetria remota que pode salvar vidas!,Biologix,São Paulo,SP,"R$ 50.870,00","$ 9.782,69",63,https://www.kickante.com.br/campanhas/biologix-ajude-salvar-vidas,,,
182,Palmital contra Coronavirus,Santa Casa de Palmital,Palmital,SP,"R$ 24.998,83","$ 4.807,47",275,https://www.vakinha.com.br/vaquinha/palmital-contra-coronavirus,,,
183,"Pedala Leandrinho! Ajudar, educar e agradecer.",Leandrinho,São Paulo,SP,"R$ 14.644,00","$ 2.816,15",155,https://www.kickante.com.br/campanhas/pedala-leandrinho-ajudar-educar-agradecer,,,
184,"Pelo próximo, contra o covid 19",Cléssio,Goiânia,GO,"R$ 26.626,56","$ 5.120,49",154,https://www.vakinha.com.br/vaquinha/pelo-proximo-contra-o-corona,,,
185,Pelotas Contra o Coronavírus,Pelotas contra o Coronavirus,Pelotas,RS,"R$ 23.557,89","$ 4.530,36",222,https://www.vakinha.com.br/vaquinha/pelotas-contra-o-coronavirus,,,
186,Pintar o Bem,Suvinil,São Paulo,SP,"R$ 1.274.167,62","$ 245.032,23",109,pintarobem.com.br,,,
187,"Anjos da sopa de Santo André SP , Na luta contra a fome!",Gisele de Souza,Santo André,SP,"R$ 57.919,90","$ 11.138,44",724,https://www.vakinha.com.br/vaquinha/ponto-de-sobrevivencia-dos-moradores-de-rua-contra-o-covid-19,,,
188,POVO MUNDURUKU CONTRA A COVID-19,Associação Indígena Pariri e Wakoborun,,,"R$ 42.955,00","$ 8.260,58",400,https://www.catarse.me/mundurukucontracovid19,,,
189,Projeto Comida Urgente,Beatriz Carvalho,Rio de Janeiro,RJ,"R$ 18.602,86","$ 3.577,47",189,https://www.vakinha.com.br/vaquinha/projeto-comida-urgente,,,
190,Projeto Fio Covid 19,Projeto Fio,Rio de Janeiro,RJ,"R$ 43.265,00","$ 8.320,19",242,https://www.catarse.me/projetofiocovid19,,,
191,Projeto Isolar,Projeto Isolar,São Paulo,SP,"R$ 217.176,00","$ 41.764,62",352,https://www.charidy.com/projetoisolar,,,
192,Projeto Paralímpico Precisa de Você!,Guardiões da Colina,Rio de Janeiro,RJ,"R$ 28.510,90","$ 5.482,87",287,https://www.kickante.com.br/campanhas/guardioes-da-colina,,,
193,Projeto Prato Feito,Prato Feito,São Paulo,SP,"R$ 50.894,00","$ 9.787,31",129,https://www.vakinha.com.br/vaquinha/projeto-prato-feito,,,
194,Projeto Salve,Projeto Salve,São Paulo,SP,"R$ 25.798,64","$ 4.961,28",119,https://www.vakinha.com.br/vaquinha/projeto-salve,,,
195,Projeto Saúde Solidária 2020,,,PA,"R$ 20.600,00","$ 3.961,54",63,https://www.catarse.me/projeto_saude_solidaria_2020,,,
196,Projeto Vent_lar,Amanda Oliveira,São Paulo,SP,"R$ 17.573,66","$ 3.379,55",134,https://www.vakinha.com.br/vaquinha/projeto-resp_ar,,,
197,Protetores Faciais 3D - Recife PE,Mariana Ferrreira Pires,Recife,PE,"R$ 22.413,99","$ 4.310,38",205,https://www.vakinha.com.br/vaquinha/protetores-faciais-3d-recife-pe-mariana-ferreira-pires,,,
198,Quarentena do Bem,Cassia Bartel,São Paulo,SP,"R$ 43.800,35","$ 8.423,14",191,https://www.vakinha.com.br/vaquinha/quarentena-do-bem-ednilson-de-morais-freire,,,
199,Quarentena Solidária,Médicos do Mundo,São Paulo,SP,"R$ 27.275,10","$ 5.245,21",225,https://www.kickante.com.br/campanhas/quarentena-solidaria-0,,,
200,Quarentena Solidária,Instituto Fuziy,Dourados,MS,"R$ 88.374,66","$ 16.995,13",0,https://app.doare.org/br/doacao/229668/quarentena-solidaria-dourados-ms/quarentena-solidaria,,,
201,Recife contra o Coronavírus,Associação Livres,Recife,PE,"R$ 59.595,42","$ 11.460,66",569,https://www.vakinha.com.br/vaquinha/recife-contra-o-coronavirus,,,
202,Rede de Apoio ao Combate do COVID19,Coletivo IFE,São Paulo,SP,"R$ 121.624,82","$ 23.389,39",954,https://www.vakinha.com.br/vaquinha/rede-de-apoio-ao-combate-do-covid19,,,
203,Rede Nacional de Financiamento de Ações de Combate à COVID-19,Benfeitoria,São Paulo,SP,"R$ 11.143.485,00","$ 2.142.977,88",18048,https://benfeitoria.com/canal/rededeapoio,Descontadas as doações das campanhas Campanha Salvando VIdas e UniãoRio,,
204,Rede Solidária Córrego Grande,Conselho Comunitário do Córrego Grande,Florianópolis,SC,"R$ 23.355,03","$ 4.491,35",165,https://www.vakinha.com.br/vaquinha/rede-solidaria-corrego-grande,,,
205,Rede Solidária do MLB,MLB,Belo Horizonte,MG,"R$ 81.108,75","$ 15.597,84",600,https://www.vakinha.com.br/vaquinha/rede-solidaria-do-mlb,,,
206,Renda mínima para 352 catadores !,Visões da Terra,Niterói,RJ,"R$ 26.127,94","$ 5.024,60",235,https://www.vakinha.com.br/vaquinha/renda-minima-para-352-catadores,,,
207,Respirador e EPI's Hospital São Sebastião Papanduva SC,Associação Hospitalar e Maternidade São Sebastião de Papanduva,Papanduva,SC,"R$ 40.102,86","$ 7.712,09",256,https://www.vakinha.com.br/vaquinha/respirador-e-epi-s-hospital-sao-sebastiao-papanduva-sc,,,
208,Rio Contra o Corona,Instituto Phi,Rio de Janeiro,RJ,"R$ 19.786.373,04","$ 3.805.071,74",6270,https://www.riocontracorona.org/,,,
209,Salve a Turma do Bem,Turma do Bem,São Paulo,SP,"R$ 44.054,00","$ 8.471,92",361,https://www.kickante.com.br/campanhas/salve-turma-do-bem-2,,,
210,Santo Amaro contra o Coronavírus,Ademar Lucas,Rio de Janeiro,RJ,"R$ 37.711,49","$ 7.252,21",368,https://www.vakinha.com.br/vaquinha/santo-amaro-contra-o-corona-virus,,,
211,SAS Brasil na luta contra o coronavírus,SAS Brasil,Itinerante BR,BR,"R$ 1.245.392,00","$ 239.498,46",134,http://sasbrasil.org.br/coronavirus/,,,
212,Segura a Curva das Mães,Segura a Curva das Mães!,São Paulo,SP,"R$ 162.151,77","$ 31.183,03",1257,https://www.vakinha.com.br/vaquinha/segura-a-curva-das-maes,,,
213,Seja um parceiro da FOCUS CIA DE DANÇA,Focus Cia de Dança,Rio de Janeiro,RJ,"R$ 50.201,60","$ 9.654,15",391,https://www.vakinha.com.br/vaquinha/seja-um-parceiro-da-focus-cia-de-danca,,,
214,Sem Luta não há Vitória,HC da FM Botucatu,Botucato,SP,"R$ 39.452,00","$ 7.586,92",364,https://www.charidy.com/hcfmb,,,
215,Show de Generosidade - ACREDITE,Acredite,São Paulo,SP,"R$ 28.820,00","$ 5.542,31",176,https://www.kickante.com.br/campanhas/show-generosidade-acredite,,,
216,Só Track Doa,Só Track Boa,Curitiba,PR,"R$ 620.892,75","$ 119.402,45",2204,https://www.kickante.com.br/campanhas/so-track-doa,,,
217,SO+MOS Música | Faça parte,So+Mos,Nacional,BR,"R$ 90.270,30","$ 17.359,67",1790,https://www.kickante.com.br/campanhas/somos-musica,,,
218,Solar Meninos de Luz + Você,Solar Meninos de Luz,Rio de Janeiro,RJ,"R$ 29.608,70","$ 5.693,98",119,https://meninosdeluz.doareacao.com.br/solarmaisvoce/,,,
219,SOLIDARIEDAUD,UFC,Fortaleza,CE,"R$ 15.110,00","$ 2.905,77",48,https://www.catarse.me/solidariedaud_7ac3,,,
220,Solidariedade em Manguinhos,Jussara Rafael Angelo,Rio de Janeiro,RJ,"R$ 28.035,00","$ 5.391,35",231,https://www.kickante.com.br/campanhas/solidariedade-em-manguinhos-1,,,
221,Solidariedade pra Mudar SP Contra o Coronavírus,@spcontraocoronavirus,São Paulo,SP,"R$ 155.949,00","$ 29.990,19",904,https://www.catarse.me/spcontraocoronavirus?ref=ctrse_explore_projects_we_love,,,
222,SOS - ONG SOCIAL SKATE,Social Skate,Poá,SP,"R$ 16.776,21","$ 3.226,19",116,https://www.vakinha.com.br/vaquinha/sos-ong-social-skate,,,
223,SOS Amigos do CSI - Botafogo,Juliana Medalha Pazos,Rio de Janeiro,RJ,"R$ 25.875,98","$ 4.976,15",258,https://www.vakinha.com.br/vaquinha/sos-amigos-do-csi-botafogo,,,
224,SOS Capão Redondo contra o Coronavírus,Paula Narvaez e amigas da corrida,São Paulo,SP,"R$ 81.807,45","$ 15.732,20",687,https://www.vakinha.com.br/vaquinha/sos-capao-redondo-contra-o-coronavirus,,,
225,SOS Casa do Zezinho contra o Coronavírus,Casa do Zezinho,São Paulo,SP,"R$ 77.859,05","$ 14.972,89",412,https://www.kickante.com.br/campanhas/sos-casa-do-zezinho-ajude,,,
226,SOS DANÇA CIDADE DE SÃO PAULO,Cooperativa Paulista de Dança,São Paulo,SP,"R$ 63.702,00","$ 12.250,38",429,https://www.catarse.me/sos_danca_cidade_de_sao_paulo?ref=ctrse_explore,,,
227,SOS Sinhazinha Meirelles - Tudo isso vai passar,Sinhazinha Meirelles,São Paulo,SP,"R$ 21.620,00","$ 4.157,69",59,https://www.kickante.com.br/campanhas/sos-sinhazinha-meirelles-tudo-isso-vai-passar,,,
228,SP Sem Frio 2020 - O que te aquece?,SP Invisível,São Paulo,SP,"R$ 169.502,00","$ 32.596,54",1350,https://www.catarse.me/spsemfrio2020,,,
229,"STEPS: ""Dê um passo. Salve uma vida.""",STEPS,São Paulo,SP,"R$ 33.134,35","$ 6.371,99",80,https://www.vakinha.com.br/vaquinha/steps-de-um-passo-salve-uma-vida,,,
230,Suporte para Santa Cruz em tempos de Covid19,B.A.S.E.,Rio de Janeiro,RJ,"R$ 61.586,03","$ 11.843,47",415,https://www.vakinha.com.br/vaquinha/suporte-para-santa-cruz-em-tempos-de-covid19,,,
231,Task Brasil,Task Brasil,Rio de Janeiro,RJ,"R$ 23.012,46","$ 4.425,47",0,https://combatecovid.org/task-brasil,,,
232,TODOS CONTRA A FOME,Projeto Resgate,,,"R$ 25.764,67","$ 4.954,74",190,https://www.vakinha.com.br/vaquinha/todos-contra-a-fome-projeto-resgate,,,
233,Todos pelo HCRP na luta contra a COVID-19,FAEPA - Fundação de Apoio ao Ens. Pesq. e Assist. do HCFMRP-USP,Ribeirão Preto,SP,"R$ 267.631,14","$ 51.467,53",1315,https://www.vakinha.com.br/vaquinha/todos-pelo-hcrp-na-luta-contra-o-covid-19-ricardo-de-carvalho-cavalli,,,
234,Todos Unidos,Comunitas,São Paulo,SP,"R$ 786.943,92","$ 151.335,37",6922,https://www.vakinha.com.br/vaquinha/todos-unidos-todos-unidos,,,
235,Troco Amigo - Panvel,Panvel,Porto Alegre,RS,"R$ 9.515,00","$ 1.829,81",0,https://panveltrocoamigocovid.uhuu.com/,Descontada a doação da Panvel,,
236,Um por Todos,Fundação André e Lucia Maggi,Cuiabá,MT,"R$ 486.160,00","$ 93.492,31",0,https://umportodos.org.br/,Descontada a doação de 4 MI da Amaggi,,
237,Uma rede contra o vírus,Instituto Esporte e Educação,São Paulo,SP,"R$ 24.870,00","$ 4.782,69",0,https://iee.abraceumacausa.com.br/,,,
238,União Bahia,Liga do Bem,Salvador,BA,"R$ 191.799,00","$ 36.884,42",1049,https://www.uniaobahia.org/,,,
239,União Rio,União Rio,Rio de Janeiro,RJ,"R$ 28.266.995,00","$ 5.435.960,58",6313,https://benfeitoria.com/uniaorio,,,
240,União SP,Península e RenovaBR,São Paulo,SP,"R$ 19.215.000,00","$ 3.695.192,31",0,https://www.uniaosp.org/,"Descontado o valor da doação da Península Participações, da JHSF e da Advent",,
241,Unidos contra a Covid,Fiocruz,Rio de Janeiro,RJ,"R$ 746.316,74","$ 143.522,45",2343,https://unidos.fiocruz.br/transparencia.html,,,
242,Vamos Ajudar os Parentes Indígenas do Baixo Tapajós,CITA-Conselho Indígena Tapapajós Arapiuns,Santarém,PA,"R$ 44.452,81","$ 8.548,62",522,https://www.vakinha.com.br/vaquinha/vamos-ajudar-os-parentes-indigenas-do-baixo-tapajos,,,
243,Vaquinha do backstage,Vaquinha do backstage,,,"R$ 16.023,35","$ 3.081,41",93,https://www.vakinha.com.br/vaquinha/novak2l2020,,,
244,Ventilador pulmonar para muitos!,Arkmeds,São Paulo,SP,"R$ 71.530,00","$ 13.755,77",148,https://www.kickante.com.br/campanhas/arkmeds-fortaleca-nossa-luta-contra-covid,,,
245, Ventilador Respirador para o Hospital de Santo Anastácio/SP,Hospital de Santo Anastácio,Santo Anastácio,SP,"R$ 28.565,92","$ 5.493,45",414,https://www.vakinha.com.br/vaquinha/compra-de-um-ventilador-respirador-para-o-hospital-de-santo-anastacio-sp,,,
246,VESTA – a máscara do Projeto Égide da Universidade de Brasília,Projeto Égide,Brasília,DF,"R$ 36.226,07","$ 6.966,55",381,https://www.vakinha.com.br/vaquinha/vesta-a-mascara-do-projeto-egide-da-universidade-de-brasilia,,,
247,VC+LDC,Fiocruz,Rio de Janeiro,RJ,"R$ 21.163,00","$ 4.069,81",217,https://www.ldc.com/br/pt/campanhaldc/,,,
248,WimBelemDon,WimBelemDon,Porto Alegre,SP,"R$ 28.760,03","$ 5.530,78",0,https://combatecovid.org/wimbelemdon,,,
,,Total,,,"R$ 279.367.889,23","R$ 53.724.594,08",240.213,,,,
,,,,,,,,,,,
,Campanhas de Doação - offline (mínimo 10 mil reais mobilizados),,,,,,,,,,
,Campanhas,Organizador (a) / Beneficiário,,,Valor Captado,in Dollars,Doadores,Referência,Observação,,
249,#NumerosQueImportam,BTG,,,"R$ 7.000.000,00","$ 1.346.153,85",,https://www.btgpactual.com/numeros-que-importam/,,,
250,Ação Contra o Corona,Ação da Cidadania,Rio de Janeiro,RJ,"R$ 16.938.229,93","$ 3.257.351,91",,https://www.acaodacidadania.com.br/prestando-contas,Descontado o valor mobilizado pela campanha no Benfeitoria e doação Ale Combustíveis,,
251,ACIM,ACIM,Maringá,PR,"R$ 1.000.000,00","$ 192.307,69",,https://globoplay.globo.com/v/8535885/,,,
252,"Associação Brasileira das Indústrias de Produtos de Higiene, Limpeza e Saneantes de Uso Doméstico e de Uso Profissional (ABIPLA)",ABIPLA,,,"R$ 7.000.000,00","$ 1.346.153,85",,https://www1.folha.uol.com.br/empreendedorsocial/2020/06/marcas-de-limpeza-e-higiene-doam-produtos-epis-e-ate-lavagem-de-roupa-na-pandemia.shtml,,,
253,Associação Brasileira dos Criadores do Cavalo Mangalarga Marchador,Associação Brasileira dos Criadores do Cavalo Mangalarga Marchador,Belo Horizonte,MG,"R$ 200.000,00","$ 38.461,54",,https://www.revistaencontro.com.br/canal/comportamento/2020/06/um-brasil-mais-solidario.html,,,
254,"Atitude Cidadã - Está em nossas mãos,",Sistema Jornal do Commercio de Comunicação,Recife,PE,"R$ 1.502.269,00","$ 288.897,88",419,https://jc.ne10.uol.com.br/pernambuco/2020/05/5610438-campanha-atitude-cidada---esta-em-nossas-maos-arrecadou-mais-de-r--1-5-milhao-em-dinheiro-e-produtos.html,,,
255,brMalls do Bem,BR Malls,,,"R$ 1.145.000,00","$ 220.192,31",,https://www1.folha.uol.com.br/empreendedorsocial/2020/06/doacoes-de-cestas-basicas-digitais-e-alimentos-combatem-a-fome-na-pandemia.shtml,,,
256,Central de Doações do Rio Grande do Norte,Central de Doações RN,Natal,RN,"R$ 1.600.000,00","$ 307.692,31",,http://www.tribunadonorte.com.br/noticia/central-ja-arrecadou-mais-de-r-1-6-milha-o-em-doaa-a-es/479500,,,
257,Centro Brasileiro de Mediação e Arbitragem,Centro Brasileiro de Mediação e Arbitragem,Rio de Janeiro,RJ,"R$ 850.000,00","$ 163.461,54",218,https://g1.globo.com/jornal-nacional/noticia/2020/06/10/solidariedade-sa-doacao-de-insumos-e-equipamentos-de-protecao-individual.ghtml,,,
258,Colégoio Santa Cruz,Colégio Santa Cruz,São Paulo,SP,"R$ 348.537,96","$ 67.026,53",,https://wordpress.santacruz.g12.br/noticia/acoes-emergenciais/?fbclid=IwAR2RmgSjL9Xng4Nu9HbE2deS7sf1dIZlZTNLhNzJt6GVsChbjB1tUIHx6ro,,,
259,Cores Solidárias ABRAPP,ABRAPP,Nacional,BR,"R$ 256.350,00","$ 49.298,08",28,https://pintorabrapp.com.br/coressolidarias/,,,
260,Desafio do Bem,Quero Quero,Porto Alegre,RS,"R$ 179.698,00","$ 34.557,31",,https://www.queroquero.com.br/desafiodobem,,,
261,Doar para Salvar,CDL Itaúnas,Itaúnas,MG,"R$ 2.000.000,00","$ 384.615,38",,https://g1.globo.com/mg/centro-oeste/noticia/2020/04/22/campanha-arrecada-r-2-milhoes-para-custear-leitos-no-hospital-manoel-goncalves-em-itauna.ghtml,,,
262,Festival Sorria,Editora Mol,São Paulo,SP,"R$ 125.000,00","$ 24.038,46",,https://www.instagram.com/p/CAvu_jbnQMS/,,,
263,FIEMG,FIEMG,Belo Horizonte,MG,"R$ 1.137.066,00","$ 218.666,54",0,https://www7.fiemg.com.br/publicacoes-internas/transparencia,,,
264,Força tarefa de enfrentamento à Covid-19,ACIP,Paraíso do Tocantins,TO,"R$ 14.150,00","$ 2.721,15",,http://surgiu.com.br/2020/04/09/forca-tarefa-de-enfrentamento-a-covid-19-em-paraiso-recebe-mais-doacoes-de-equipamentos/,,,
265,Fundo Una+,"""+ Unidos""",São Paulo,SP,"R$ 5.000.000,00","$ 961.538,46",,https://maisunidos.org/unamais/,,,
266,Governo do Estado de Minas Gerais,Estado de Minas Gerais,Belo Horizonte,MG,"R$ 8.400.000,00","$ 1.615.384,62",,https://www.diariodoaco.com.br/noticia/0078449-defesa-civil-recebe-doacao-de-produtos-para-auxiliar-no-combate-a-pandemia,,,
267,Governo do Estado de São Paulo,Estado de São Paulo,São Paulo,SP,"R$ 46.753.167,69","$ 8.990.993,79",1117,https://www.saopaulo.sp.gov.br/coronavirus/doacoes/,,,
268,Hospital de Caridade São Vicente de Paulo (HSV),Hospital de Caridade São Vicente de Paulo,Jundiaí,SP,R$ 1.264.215,"$ 243.118,19",,https://www.jj.com.br/jundiai/sao-vicente-recebe-r-12-milhao-em-doacoes/,,,
269,iFood,Vários,Nacional,BR,R$ 1.393.645,"$ 268.008,65",97497,,,,
270,Juntos de Coração,ACIC,Criciúma,SC,"R$ 102.000,00","$ 19.615,38",,https://juntosdecoracao.com.br/,,,
271,Juntos combatemos 3X mais,Insittuto Cyrela,São Paulo,SP,"R$ 169.670,00","$ 32.628,85",,,,,
272,Juntos na luta contra o Coronavírus,Albert Einstein Voluntários,São Paulo,SP,"R$ 1.628.150,58","$ 313.105,88",,https://www.facebook.com/voluntarioseinstein/photos/a.316227635210434/1606287279537790/?type=3&theater,,,
273,Juntos pela Vida,FEHOFES,Vitória,ES,"R$ 254.425,00","$ 48.927,88",,https://juntospelavidaes.org/,,,
274,Mercado Bitcoin,Hospital de Cirurgia de Sergipe,Aracaju,SP,"R$ 137.000,00","$ 26.346,15",,https://blog.mercadobitcoin.com.br/bitcoin-ajudando-no-combate-a-covid-exemplo-pratico,,,
275,Multiplicado Solidariedade,Engie,Rio de Janeiro,RJ,"R$ 250.440,00","$ 48.161,54",,https://www.engie.com.br/covid-19-a-energia-nao-pode-parar/,,,
276,Nubank,Nubank,São Paulo,SP,"R$ 100.000,00","$ 19.230,77",4800,https://cultura.estadao.com.br/blogs/direto-da-fonte/responsabilidade-social-526/,,,
277,O Amor Contagia,FUNPAR,Curitiba,PR,"R$ 2.123.117,79","$ 408.291,88",,http://www.funpar.ufpr.br/oamorcontagia/,,,
278,PiauíFest,Colégio Santa Cruz,São Paulo,SP,"R$ 84.600,00","$ 16.269,23",,https://drive.google.com/file/d/1tsA_ckrlK6FuGZrsy834Q3oi1DKL8Ln9/view?usp=sharing,,,
279,PwC,PwC,São Paulo,SP,"R$ 270.000,00","$ 51.923,08",,https://soma.amcham.com.br/pwc-brasil-2/,,,
280,Rede Jundiaí de Cooperação,Prefeitura de Jundiaí,Jundiaí,SP,"R$ 2.461.715,95","$ 473.406,91",80,https://www.jj.com.br/jundiai/na-luta-contra-a-covid-19-doacoes-superam-r-2-mi/,,,
281,Salvando Vidas COVID 19,FIEC,Fortaleza,CE,"R$ 8.500.000,00","$ 1.634.615,38",,https://www1.sfiec.org.br/fiec-noticias/search/132606/setor-privado-cearense-se-une-em-campanha-de-arrecadacao-no-combate-ao-coronavirus,Descontada a doação da CSP e do SESI-CE,,
282,Seja solidário sem sair de casa ,Instituto CCP,São Paulo,SP,"R$ 215.100,00","$ 41.365,38",167,http://www.ccpsa.com.br/pb/2020/04/08/campanha-arrecada-mais-de-r-215-mil/,,,
283,Solidariedade Contra o Coronavírus,Instituto Cultural Floresta,Porto Alegre,RS,"R$ 5.000.000,00","$ 961.538,46",,https://www.institutomillenium.org.br/no-sul-sociedade-civil-se-junta-para-unir-esforcos-no-combate-ao-coronavirus/,Desconta a doação de 10 MI do Grupo Zaffari,,
284,SulAmérica,SulAmérica,São Paulo,SP,"R$ 81.960,00","$ 15.761,54",1171,http://sulamerica.comunique-se.com.br/show.aspx?idMateria=SlT5VWlnP8RMfI0EX10ARA==,,,
285,Todos pela Saúde,Itaú,São Paulo,SP,,,848,https://youtu.be/BURgP7Jt220,,,
286,TRE Solidário,TRE-CE,Fortaleza,CE,"R$ 29.500,00","$ 5.673,08",,https://www.focus.jor.br/covid-19-tre-do-ceara-organiza-2a-etapa-de-campanha-solidaria/,,,
287,UberEats,Uber,Nacional,BR,"R$ 420.000,00","$ 80.769,23",,https://veja.abril.com.br/blog/radar/clientes-ja-doaram-r-420-mil-para-seus-restaurantes-favoritos/,,,
288,Um Ar de Esperança,Ar de Esperança,São Paulo,SP,"R$ 11.740,00","$ 2.257,69",96,https://www.kickante.com.br/campanhas/um-ar-esperanca,,,
289,Unidos contra a Covid,Fiocruz,Rio de Janeiro,RJ,"R$ 40.000,00","$ 7.692,31",,https://unidos.fiocruz.br/transparencia.html,,,
290,USP Vida,USP,São Paulo,SP,"R$ 390.000,00","$ 75.000,00",2000,https://jornal.usp.br/institucional/professora-do-instituto-de-fisica-e-uma-das-maiores-doadoras-do-programa-usp-vida/,Descontada doação de Lia Queiroz Amara,,
291,Visão Mundial,Visão Mundial,São Paulo,SP,"R$ 11.000.000,00","$ 2.115.384,62",,https://valor-globo-com.cdn.ampproject.org/c/s/valor.globo.com/google/amp/empresas/noticia/2020/06/24/solidariedade-visao-mundial-leva-ajuda-a-15-milhao-de-brasileiros.ghtml,Descontada doação de Lia Queiroz Amara,,
,,Total,,,R$ 137.376.747,R$ 26.418.605,108.441,,,`,
,,,,,,,,,,,
,Campanhas de Doação - encerradas (mínimo 10 mil reais mobilizados),,,,,,,,,,
,Campanhas,Organizador (a) / Beneficiário,,,Valor Doado,in Dollars,Doadores,Referência,Observação,,
292,#1 Campanha: Máscaras para Crianças em Tratamento,Projeto Sunny Day,Rio de Janeiro,RJ,"R$ 10.991,00","$ 2.113,65",114,https://www.catarse.me/1_campanha_mascaras_para_criancas_em_tratamento_5180,,,
293,#ElasContraCovid19 - Moradores de Rua/SP,Marina Toth,São Paulo,SP,"R$ 16.552,63","$ 3.183,20",95,https://www.vakinha.com.br/vaquinha/elascontracovid19-moradores-de-rua-sp,,,
294,#Umsótime,B3,São Paulo,SP,"R$ 296.458,00","$ 57.011,15",1.169,https://benfeitoria.com/B3umsotime?fbclid=IwAR2rbTq8w5ksOJxa4qsiTS7itmrI4AXQE6XTzsUKELCPuCbKRA4YuBPeafc,,,
295,#VIDROABRACAVIDAS,Owens Illinois Brasil,São Paulo,SP,"R$ 16.180,72","$ 3.111,68",174,https://www.vakinha.com.br/vaquinha/vidroabracavidas,,,
296,"3,2,1 Beauty","3,2,1 Beauty",São Paulo,SP,"R$ 23.576,43","$ 4.533,93",214,https://www.vakinha.com.br/vaquinha/321beauty,,,
297,A fome não pode esperar,Paróquia de São Pedro,Tamandaré,PE,"R$ 21.360,15","$ 4.107,72",133,https://www.vakinha.com.br/vaquinha/a-fome-nao-pode-esperar-pe-arlindo-laurindo-de-matos-junior,,,
298,A solidariedade é o que nos faz um!,Clinica Bruno Cosme,João Pessoa,PB,"R$ 35.461,00","$ 6.819,42",263,https://www.vakinha.com.br/vaquinha/a-solidariedade-que-nos-faz-um,,,
299,ABDDoe,Associação de Ex-Alunos da FMABC,ABC - RMSP,SP,"R$ 38.834,40","$ 7.468,15",183,https://abacashi.com/p/abcdoe,,,
300,Abrace uma Causa Pátria,Várias Organizações,São Paulo,SP,"R$ 4.990.000,00","$ 959.615,38",0,https://patria.abraceumacausa.com.br/,,,
301,AÇÃO COMUNITAS: Apoio à alimentação de crianças vulneráveis,Comunitas,Santos,SP,"R$ 1.104.005,00","$ 212.308,65",0,https://soma.uhuu.com/evento/sp/sao-paulo/acao-comunitas-apoio-a-alimentacao-de-criancas-vulneraveis-9127#/,,,
302,Ação Covid-19 Crea+ Brasil,Crea+Brasil,São Paulo,SP,"R$ 23.629,40","$ 4.544,12",194,https://abacashi.com/p/acao-covid-19-crea-brasil,,,
303,"Ação emergencial ""Parque dos Falcões"" ",Parque dos Falcões,Itabaiana,SE,"R$ 32.860,00","$ 6.319,23",504,https://www.kickante.com.br/campanhas/acao-emergencial-parque-dos-falcoes,,,
304,AÇÃO SOLIDÁRIA DA CONFRARIA FEMININA DO JARDIM EUROPA,Confraria Feminina do Jardim Europa,Porto Alegre,RS,"R$ 15.950,00","$ 3.067,31",82,https://www.vakinha.com.br/vaquinha/acacao-solidaria-da-confraria-feminina-do-jardim-europa,,,
305,Acolha o Asilo Wajunkai - COVID 19,Asilo Wajunkai,Maringá,PR,"R$ 16.431,62","$ 3.159,93",141,https://www.vakinha.com.br/vaquinha/acolha-o-asilo-wajunkai-covid-19,,,
306,Adote uma Favela,Casa da Agência Popular Solano Trindade,São Paulo,SP,"R$ 48.825,00","$ 9.389,42",294,https://www.kickante.com.br/campanhas/adote-uma-favela,,,
307,Ajuda ao RETIRO DOS ARTISTAS,Elymar Santos,,,"R$ 51.494,01","$ 9.902,69",470,https://www.vakinha.com.br/vaquinha/ajuda-ao-retiro-dos-artistas-elimar-dos-santos,,,
308,Ajuda aos Catadores de Materiais Recicláveis de Juiz de Fora ♻️ ,Alicer,Juiz de Fora,MG,"R$ 17.744,43","$ 3.412,39",229,https://www.vakinha.com.br/vaquinha/ajude-a-alicer-associacao-lixo-certo-catadores-de-reciclaveis,,,
309,Ajudar São Paulo contra o Corona Vírus,Arcah,São Paulo,SP,"R$ 156.917,97","$ 30.176,53",498,https://www.vakinha.com.br/vaquinha/ajudar-os-mais-debilitados-com-o-corona-virus-covid-19,,,
310,Ajude 120 famílias com fome a evitar o Covid-19,Gestos,Recife,PE,"R$ 31.925,00","$ 6.139,42",275,https://www.kickante.com.br/campanhas/ajude-mais-120-familias-que-precisam,,,
311,Ajude a comprar um respirador para a Santa Casa de Paranavaí,Santa Casa de Paranavaí,Paranavaí,PR,"R$ 73.751,75","$ 14.183,03",383,https://www.vakinha.com.br/vaquinha/ajuda-para-comprar-um-respirador-para-a-santa-casa-de-paranavai,,,
312,Ajude a CUFA a ampliar seu combate ao Coronavírus,CUFA,Rio de Janeiro,RJ,"R$ 443.524,57","$ 85.293,19",2.794,https://www.vakinha.com.br/vaquinha/ajude-a-cufa-a-ampliar-seu-combate-ao-coronavirus,,,
313,Ajude a proteger a população em situação de rua de São Paulo do coronavírus,Missão Belém,São Paulo,SP,"R$ 125.313,76","$ 24.098,80",2339,https://voaa.me/campanha-moradores-rua-coronavirus,,,
314,Ajude as autônomas do Lisbela,Lisbela,São Paulo,SP,"R$ 24.240,04","$ 4.661,55",170,https://www.vakinha.com.br/vaquinha/ajude-as-autonomas-do-lisbela,,,
315,Ajude o Hospital Santa Cruz de Canoinhas,Hospital Santa Cruz de Canoinhas,Canoinhas,SC,"R$ 90.125,77","$ 17.331,88",1168,https://www.vakinha.com.br/vaquinha/ajude-o-hospital-santa-cruz-de-canoinhas,,,
316,Ajude o Lar de Idosos Anselmo Gomes,Lar de Idosos Anselmo Gomes,São Paulo,SP,"R$ 17.056,17","$ 3.280,03",158,https://www.vakinha.com.br/vaquinha/ajude-o-lar-de-idosos-anselmo-gomes,,,
317,Ajude seu profissional de beleza,Circus Hair,São Paulo,SP,"R$ 97.361,33","$ 18.723,33",694,https://www.vakinha.com.br/vaquinha/ajude-seu-profissional-de-beleza-a-se-manter,,,
318,Ajude o restaurante Mocotó,Restaurante Mocotó,São Paulo,SP,"R$ 35.603,64","$ 6.846,85",308,https://www.vakinha.com.br/vaquinha/ajude-o-restaurante-mocoto-a-alimentar-mais-familias,,,
319,Ajude os moradores do Parque das Tribos a superar o Covid-19,Parque das Tribos,Manaus,AM,"R$ 10.325,00","$ 1.985,58",71,https://www.vakinha.com.br/vaquinha/ajude-os-moradores-do-parque-das-tribos?utm_source=isa&utm_medium=&utm_campaign=,,,
320,Ajude Santa Rosa dos Pretos a enfrentar a Covid-19,Quilombo Santa Rosa dos Pretos,Itapecuru Mirim,MA,"R$ 14.702,00","$ 2.827,31",128,https://benfeitoria.com/santarosacontracovid19,,,
321,Ajude seu Barbeiro,Barbearia Express,São Paulo,SP,"R$ 15.923,00","$ 3.062,12",181,https://sharity.com.br/ajude-seu-barbeiro,,,
322,Ajude Taboão da Serra,Thiago Ventura,Taboão da Serra,SP,"R$ 200.008,03","$ 38.463,08",2803,https://www.vakinha.com.br/vaquinha/ajude-taboao-da-serra,,,
323,Ajude um Refugiado na Quarentena,Adus,São Paulo,SP,"R$ 43.325,00","$ 8.331,73",325,https://www.catarse.me/ajude_um_refugiado_na_quarentena_c5c7,,,
324,Alimente Esperança,Rede de Apoio,Botucatu,SP,"R$ 12.985,00","$ 2.497,12",200,https://www.catarse.me/alimente_esperanca_12ab,,,
325,Aplicativo de combate e controle ao COVID-19,Guilherme Conceição Rocha,São José dos Campos,SP,"R$ 96.001,00","$ 18.461,73",99,https://www.vakinha.com.br/vaquinha/aplicativo-de-combate-e-controle-ao-covid-19,,,
326,Apoie o Hospital de Base,Hospital de Base de São José do Rio Preto,São José do Rio Preto,SP,"R$ 57.380,00","$ 11.034,62",0,https://apoiehb.abraceumacausa.com.br/,,,
327,Apoie o Paralelo 82,Paralelo 82,Rio de Janeiro,RJ,"R$ 66.130,00","$ 12.717,31",198,https://abacashi.com/p/apoie-o-paralelo-82,,,
328,Apoie os povos indígenas na luta contra o COVID-19!,Federação dos Povos e Organizações Indígenas de Mato Grosso,Cuiabá,MT,"R$ 13.415,00","$ 2.579,81",68,https://sharity.com.br/apoie-os-povos-indigenas-na-luta-contra-o-covid-19,,,
329,Apoio a comunidades quilombolas no Pará na crise do corona vírus,Instituto Peabiru,Belém,PA,"R$ 12.270,00","$ 2.359,62",103,https://www.vakinha.com.br/vaquinha/apoio-a-comunidades-quilombolas-no-para-na-crise-do-corona-virus-joao-carlos-de-souza-meirelles-filho,,,
330,Apoio aos lancheiros de Alter do Chão - ATUFA,ATUFA,Alter do Chão,PA,"R$ 23.854,54","$ 4.587,41",166,https://www.vakinha.com.br/vaquinha/apoio-aos-lancheiros-de-alter-do-chao-atufa,,,
331,Aquisição de 2(dois) Ventiladores Pulmonar TAKAOKA,Hospital Municipal de Quedas do Iguaçu,Quedas do Iguaçú,PR,"R$ 10.572,00","$ 2.033,08",99,https://sharity.com.br/aquisicao-de-2dois-ventiladores-pulmonar-takaoka,,,
332,Aquisição de máscara Faceshields para profissionais da saúde,Fabiola Ariadne Rodrigues Oliveira,Goiânia,GO,"R$ 24.723,80","$ 4.754,58",186,https://www.vakinha.com.br/vaquinha/aplicativo-de-combate-e-controle-ao-covid-19,,,
333,Arrecadação de alimentos para famílias indígenas de Rondônia,Associação das Guerreiras Indígenas de Rondônia-AGIR,Cacoal,RO,"R$ 11.795,00","$ 2.268,27",53,https://www.vakinha.com.br/vaquinha/arrecadacao-de-alimentos-para-familias-indigenas-de-rondonia,,,
334,As baianas de acarajé estão passando por grandes necessidades e precisam da sua ajuda,Associação Nacional das Baianas de Acarajé,Salvador,BA,"R$ 20.235,34","$ 3.891,41",380,https://voaa.me/campanha-baianas-acaraje,,,
335,As mulheres de Paraisópolis pedem sua ajuda,Juliana Oliveira,São Paulo,SP,"R$ 408.658,77","$ 78.588,23",2142,https://www.vakinha.com.br/vaquinha/empreendedoras-de-paraisopolis-precisam-de-sua-ajuda,,,
336,Beleza de Mãos Dadas,"3,2,1 Beauty",São Paulo,SP,"R$ 141.581,00","$ 27.227,12",334,https://www.catarse.me/belezademaosdadas,,,
337,Benedenses enfrentando a Covid-19,Hospital Universitário da UFRJ,Rio de Janeiro,RJ,"R$ 332.358,34","$ 63.915,07",955,https://www.vakinha.com.br/vaquinha/ajuda-ao-hospital-ufrj,,,
338,BH enfrentando a Covid-19,Samuel Caldeira,Belo Horizonte,BH,"R$ 21.323,71","$ 4.100,71",261,https://www.vakinha.com.br/vaquinha/bh-enfrentando-a-covid-19,,,
339,Brasil Contra o Vírus em SP - EPIs para os Hospitais,Brasil Contra o Vírus,São Paulo,SP,"R$ 17.704,82","$ 3.404,77",178,https://sharity.com.br/brasil-contra-o-virus-em-sp---epis-para-os-hospitais,,,
340,Caios Contra o Coronavírus,Caio Vahanian,Vargem Grande Paulista,SP,"R$ 23.705,53","$ 4.558,76",159,https://www.vakinha.com.br/vaquinha/caios-contra-o-coronavirus-caio-vahanian,,,
341,Caixinha do bem - Pernambuco,Vários,Recife,PE,"R$ 23.316,89","$ 4.484,02",215,https://www.vakinha.com.br/vaquinha/caixinha-do-bem,,,
342,CAMPANHA #AMORBRASIL,Instituto Casa Dia,São José dos Campos,SP,"R$ 36.500,00","$ 7.019,23",718,https://www.kickante.com.br/campanhas/campanha-amorbrasil-0,,,
343,CAMPANHA ASCAM COVID 19,ASCAM,São Sebastião,SP,"R$ 21.120,30","$ 4.061,60",144,https://www.vakinha.com.br/vaquinha/campanha-ascam-covid-19,,,
344,Campanha Cidades contra o Coronavírus,Tainá de Paula,Rio de Janeiro,RJ,"R$ 17.973,43","$ 3.456,43",153,https://www.vakinha.com.br/vaquinha/campanha-cidades-contra-o-coronavirus-arthur-sampaio,,,
345,Campanha de Doação de Cestas Básicas da Rede NAMI no COMBATE ao Coronavírus,Rede NAMI's Campaign to Donate Basic Food Baskets to Fight Against Coronavirus,Rio de Janeiro,RJ,"R$ 16.831,89","$ 3.236,90",0,https://app.doare.org/br/doacao/229742/nami-rede-feminista-de-arte-urbana/campanha-de-doacao-de-cestas-basicas-da-rede-nami-no-combate-ao-coronavirus#tab-donors,,,
346,Campanha emergencial - coronavirus,Naamini e Reciclismo,Carapicuíba,SP,"R$ 19.110,00","$ 3.675,00",191,https://sharity.com.br/campanha-emergencial---coronavirus,,,
347,Campanha favelas esquecidas contra o coronavírus e a fome,Favelas Esquecidas,São Paulo,SP,"R$ 236.530,46","$ 45.486,63",2645,https://voaa.me/favelas-esquecidas,,,
348,Campanha Lucas Lucco,Lucas Lucco,Nacional,BR,"R$ 61.385,00","$ 11.804,81",702,https://voaa.me/lucco,,,
349,Campanha para empresário produzir 15 mil protetores faciais para ajudar hospitais no combate ao coronavírus,Marcelo Andrade Soares,Juiz de Fora,MG,"R$ 51.370,00","$ 9.878,85",602,https://voaa.me/protetores-faciais-coronavirus,,,
350,"Campanha para jovem que orou ao entregar currículo, mas não consegue trabalhar por causa do isolamento pelo coronavírus",Alamartiny da Silva Ferreira,Balsas,MA,"R$ 20.119,00","$ 3.869,04",507,https://voaa.me/jovem-curriculo-orou,,,
351,Campanha para reformar casa do gari que continua trabalhando durante pandemia do coronavírus,Rafael dos Santos,Belo Horizonte,MG,"R$ 17.875,00","$ 3.437,50",325,https://voaa.me/gari-casa-coronavirus,,,
352,Campanha para técnico demitido por ter se recusado a cortar energia de morador diante da crise do coronavírus,Ramiro Roseno Sombra,Fortaleza,CE,"R$ 17.115,00","$ 3.291,35",418,https://voaa.me/tecnico-luz-demitido,,,
353,Campanha Solidária para o LAFRAMN,Laframn,Belo Horizonte,MG,"R$ 17.555,85","$ 3.376,13",178,https://www.vakinha.com.br/vaquinha/campanha-solidaria-para-o-laframn,,,
354,Canela Contra o Corona,Hospital de Canela,Canela,RS,"R$ 27.569,64","$ 5.301,85",61,https://www.vakinha.com.br/vaquinha/canela-contra-o-corona,,,
355,Célula Antivírus,Célula,Florianópolis,SC,"R$ 24.696,00","$ 4.749,23",305,https://www.catarse.me/celula_antivirus,,,
356,Cestas Básicas Ajuda Nave Capão COVID-19,Nave - Núcleo de Acolhimento e Valorização da Educação,São Paulo,SP,"R$ 15.530,26","$ 2.986,59",102,https://www.vakinha.com.br/vaquinha/ajuda-nave-capao-covid-19,,,
357,Cestas básicas para mulheres trans e travestis,Rede P.O.C.,Belo Horizonte,MG,"R$ 15.757,00","$ 3.030,19",236,https://evoe.cc/cuidarparaproteger,,,
358,Cidadãos e Empresários de Itu unidos contra o COVID-19,Ana Rosa Pavani,Itú,SP,"R$ 15.343,45","$ 2.950,66",160,https://www.vakinha.com.br/vaquinha/empresarios-e-cidadaos-de-itu-unidos-contra-o-covid-19,,,
359,Cidadãos e Empresários de Itu unidos contra o COVID-19,Ana Rosa Pavani,Itú,SP,"R$ 15.343,45","$ 2.950,66",160,https://www.vakinha.com.br/vaquinha/empresarios-e-cidadaos-de-itu-unidos-contra-o-covid-19,,,
360,Colaboração aos vendedores ambulantes do TRT Rio,Ambulantes,Rio de Janeiro,RJ,"R$ 31.655,00","$ 6.087,50",392,https://www.vakinha.com.br/vaquinha/colaboracao-aos-vendedores-ambulantes-do-trt-rio,,,
361,Colabore com o Brincante!,Brincante,São Paulo,SP,"R$ 60.318,91","$ 11.599,79",478,https://www.kickante.com.br/campanhas/colabore-com-brincante,,,
362,Colabore com o Brincante!,Brincante,São Paulo,SP,"R$ 60.318,91","$ 11.599,79",478,https://www.kickante.com.br/campanhas/colabore-com-brincante,,,
363,Colabore com o povo Indígena Xakriabá frente pandemia COVID_19,Povo Indígena Xakriabá ,São João das Missões - TI Xakriabá,MG,"R$ 12.670,00","$ 2.436,54",131,https://www.vakinha.com.br/vaquinha/colabore-com-o-povo-indigena-xakriaba-frente-pandemia-covid_19?,,,
364,Coletivo Trans Sol | Nos Mantendo em Pé!,Coletivo Trans Sol,São Paulo,SP,"R$ 28.835,50","$ 5.545,29",293,https://www.kickante.com.br/campanhas/trans-sol-nos-ajude-nos-manter-pe,,,
365,Com(vida)20,Fundo Beagá,Belo Horizonte,MG,"R$ 34.235,10","$ 6.583,67",160,https://evoe.cc/comvida20,,,
366,Combate ao Coronavírus em Uberlândia,Instituto Projeto de Vida,Uberlândia,MG,"R$ 85.480,00","$ 16.438,46",751,https://www.kickante.com.br/campanhas/combate-ao-coronavirus-em-uberlandia,,,
367,Combate ao Coronavírus nas Comunidades do RJ - Fase 1,Grupo Amigos do Rio,Rio de Janeiro,RJ,"R$ 119.292,98","$ 22.940,96",267,https://www.vakinha.com.br/vaquinha/combate-ao-coronavirus-nas-comunidades-do-rj-fase-1,,,
368,Combate ao COVID-19 em Roraima,Laercio Gentil,Boa Vista,RR,"R$ 17.280,00","$ 3.323,08",31,https://www.kickante.com.br/campanhas/combate-ao-covid-19-em-roraima,,,
369,Combatendo o Efeito Coronavírus,Rafaela Batista Mitidieri,Florianópolis,SC,"R$ 104.020,39","$ 20.003,92",791,https://www.vakinha.com.br/vaquinha/reduzindo-o-efeito-coronavirus,,,
370,Compra de 6 aparelhos para o Hospital Alto Jacuí,Hospital Alto Jacui,Não-Me-Toque,RS,"R$ 46.845,03","$ 9.008,66",270,https://www.vakinha.com.br/vaquinha/compra-de-6-aparelhos-respiratorios-para-o-hospital-alto-jacui,,,
371,Comprar 01 respirador para a santa casa de pontal,Santa Casa de Pontal,Pontal,SP,"R$ 27.692,00","$ 5.325,38",278,https://www.vakinha.com.br/vaquinha/arrecadacao-para-compra-de-01-respirador-para-a-santa-casa-de-pontal,,,
372,Contra a Covid-19 é TORCIDA ÚNICA,Clube de Regatas Vasco da Gama,Rio de Janeiro,RJ,"R$ 28.636,00","$ 5.506,92",467,https://vasco.futebolxcovid19.com.br/home,,,
373,Confecção de Protetores Faciais,Carla Scanavini,Santos,SP,"R$ 50.840,05","$ 9.776,93",255,https://www.vakinha.com.br/vaquinha/confeccao-de-protetores-faciais-carla-scanavini,,,
374,"Corona e Corrupção, não! Vacina neles!",Observatório Social do Brasil,Curitiba,PR,"R$ 25.346,00","$ 4.874,23",209,https://www.catarse.me/osb_corona_corrupcao?ref=ctrse_explore_projects_we_love,,,
375,CORONAHELP-Cestas Básicas-Voluntários Pfizer,Pfizer,São Paulo,SP,"R$ 27.260,91","$ 5.242,48",184,https://www.kickante.com.br/campanhas/coronahelp-cestas-basicas-voluntarios-pfizer,,,
376,Coronavírus: Cestas básicas para o Ana Rosa,Instituto Ana Rosa,São Paulo,SP,"R$ 47.962,90","$ 9.223,63",224,https://www.kickante.com.br/campanhas/coronavirus-cestas-basicas-ana-rosa,,,
377,Corrente do Bem - MS Contra o COVID19,Romolo Holsback,Campo Grande,MS,"R$ 23.575,78","$ 4.533,80",117,https://www.vakinha.com.br/vaquinha/corrente-do-bem-ms-contra-covid19,,,
378,Corrente do Bem das Carreiras de Estado,Fórum das Carreiras de Estado,Brasília,DF,"R$ 69.396,18","R$ 11.291,00",330,https://www.vakinha.com.br/vaquinha/corrente-do-bem-das-carreiras-de-estado,,,
379,Corrente do bem entre amigos “Porquê doar?”,H&M Produções e Eventos,Londrina,PR,"R$ 18.121,21","R$ 11.291,00",91,https://www.vakinha.com.br/vaquinha/corrente-do-bem-entre-amigos-porque-doar,,,
380,COVID - Piauí,DIVISA,Teresina,PI,"R$ 129.487,79","$ 24.901,50",1102,https://www.vakinha.com.br/vaquinha/covid-piaui,,,
381,Covid-19 Delivery Solidário,Grão Mestre Restaurante Café Bar,Joinvile,SC,"R$ 16.880,00","$ 3.246,15",211,https://www.catarse.me/restaurantesolidario?ref=ctrse_explore_projects_we_love,,,
382,Covid 19 nas favelas,Meu Rio,Rio de Janeiro,RJ,"R$ 117.990,00","$ 22.690,38",1357,https://www.covid19nasfavelas.meurio.org.br/?fbclid=IwAR3qkWB6suJxQeCgAX0DBrZUL-3TO3n8LgS4YEpW5b6BUGqtavpVz37c1Ss#block-14850,,,
383,COVID 19 nas Favelas,Meu Rio,Rio de Janeiro,RJ,"R$ 95.000,00","$ 18.269,23",0,https://www.covid19nasfavelas.meurio.org.br/,,,
384,COVID19 - Ngm solta a mão de ngm!,Raoni Carramillo,São Paulo,SP,"R$ 19.573,02","$ 3.764,04",92,https://www.vakinha.com.br/vaquinha/covid19-ngm-solta-a-mao-de-ngm,,,
385,Doação cestas básicas famílias fragilidade social - COVID19,Daniela Castanheiro,Rio de Janeiro,RJ,"R$ 18.111,43","$ 3.482,97",86,https://www.vakinha.com.br/vaquinha/doacao-cestas-basicas-familias-fragilidade-social-covid19,,,
386,Doação para combater o COVID 19,LOJA MAÇÔNICA REI SALOMÃO,Picos,PI,"R$ 46.038,01","$ 8.853,46",192,https://www.vakinha.com.br/vaquinha/doacao-para-combater-o-codvid19,,,
387,Doação Solidária para Compra de Respiradores Mococa,Santa Casa de Misericórdia de Mococa,Mococa,SP,"R$ 123.185,00","$ 23.689,42",1084,https://www.vakinha.com.br/vaquinha/doacao-solidaria-para-compra-de-respiradores-mococa,,,
388,Doe Possibilidades,Camarote Salvador,Salvador,BA,"R$ 193.220,00","$ 37.157,69",30,https://www.kickante.com.br/campanhas/doe-possibilidades,,,
389,Dona Lena e filha vendem cocada na rua e precisam de ajuda para sustento da casa,Dona Lena,Itaguaí,RJ,"R$ 43.280,00","$ 8.323,08",1024,https://voaa.me/idosa-cocada,,,
390,Emaús: Nosso sonho tem que continuar!!!,Movimento de Emaús,Belém,PA,"R$ 80.178,62","$ 15.418,97",683,https://www.kickante.com.br/campanhas/emaus-precisa-cantinuar,,,
391,EMERGÊNCIA PROJETO CEL: NÃO ABANDONE SEU AMIGO!,Projeto Cel,São Paulo,SP,"R$ 33.695,00","$ 6.479,81",424,https://www.kickante.com.br/campanhas/cel-ajude-nos-manter-nossos-animais-seguros,,,
392,Equipamentos COVID-19 Carazinho,Bibiana Copetti,Carazinho,RS,"R$ 83.671,00","$ 16.090,58",220,https://www.vakinha.com.br/vaquinha/equipamentos-covid-19-carazinho,,,
393,Espalhe Cestas,Movimento Maisha,Belo Horizonte,MG,"R$ 560.715,10","$ 107.829,83",3320,https://evoe.cc/espalhe-cestas,,,
394,"Estou EMPREGADO, então posso DOAR !!!",Andreas Blazoudakis ,,,"R$ 14.375,00","$ 2.764,42",17,https://www.catarse.me/estou_empregado_entao_posso_doar,,,
395,Faça o Teu Próprio Respirador - Ouzer Electronics,Ouzer Electronics,,,"R$ 12.170,00","$ 2.340,38",15,https://www.catarse.me/faca_o_teu_proprio_respirador_ouzer_electronics,,,
396,Faça sua Doação,IPREDE,Fortaleza,CE,"R$ 390.548,80","$ 75.105,54",6358,https://www.vakinha.com.br/vaquinha/faca-sua-doacao-instituto-da-primeira-infancia,,,
397,Freelas de Eventos /Fazemos acontecer!,Juntos Somos Mais Fortes,São Paulo,SP,"R$ 32.960,00","$ 6.338,46",181,https://www.vakinha.com.br/vaquinha/freelas-de-eventos-fazemos-acontecer,,,
398,FUTEBOL FEMININO - DOAÇÃO AO SUS/COVID-19,Joga Junto FF,São Paulo,SP,"R$ 21.032,71","$ 4.044,75",532,https://www.vakinha.com.br/vaquinha/doacoes-para-o-sus-covid19,,,
399,G10 - Apoie Aglomerado da Serra a Combater o Corona Vírus,G10 Favelas,Belo Horizonte,MG,"R$ 15.946,00","$ 3.066,54",82,https://www.esolidar.com/br/crowdfunding/detail/11-g10-apoie-aglomerado-da-serra-a-combater-o-corona-virus,,,
400,G10 - Apoie Heliopolis a Combater o Corona Vírus,G10 Favelas,São Paulo,SP,"R$ 78.578,00","$ 15.111,15",336,https://www.esolidar.com/br/crowdfunding/detail/4-g10-apoie-heliopolis-a-combater-o-corona-virus,,,
401,G10 - Apoie Paraisópolis a Combater o Corona Vírus,G10 Favelas,São Paulo,SP,"R$ 475.918,00","$ 91.522,69",2053,https://www.esolidar.com/crowdfunding/detail/3-g10-apoie-paraisopolis-a-combater-o-corona-virus?lang=br,,,
402,G10 - Apoie Rocinha - RJ a Combater o Corona Vírus,G10 Favelas,Rio de Janeiro,RJ,"R$ 41.341,00","$ 7.950,19",144,https://www.esolidar.com/br/crowdfunding/detail/5-g10-apoie-rocinha-rj-a-combater-o-corona-virus,,,
403,Gala Ballet Online Brasil,Larissa de Oliveira e Mota,São Paulo,SP,"R$ 41.830,56","$ 8.044,34",390,https://www.vakinha.com.br/vaquinha/gala-ballet-online-brasil,,,
404,Gastromotiva: Fundo de emergência Covid-19,Gastromotiva,Rio de Janeiro,RJ,"R$ 276.860,29","$ 53.242,36",1453,https://www.kickante.com.br/campanhas/gastromotiva-fundo-emergencia-covid-19,,,
405,Gaviões da Fiel | Combate à COVID-19,Gaviões da Fiel,São Paulo,SP,"R$ 115.215,00","$ 22.156,73",948,https://www.kickante.com.br/campanhas/gavioes-da-fiel-combate-covid-19,,,
406,Grenal dos Alimentos #Colorado | Banco de Alimentos do RS,Banco de Alimentos,Porto Alegre,RS,"R$ 19.142,50","$ 3.681,25",251,https://www.vakinha.com.br/vaquinha/grenal-dos-alimentos-colordo,,,
407,Grenal dos Alimentos #Tricolor | Banco de Alimentos do RS,Banco de Alimentos,Porto Alegre,RS,"R$ 23.404,44","$ 4.500,85",263,https://www.vakinha.com.br/vaquinha/grenal-das-americas-solidario-teamgremio,,,
408,Heliópolis contra o Coronavírus,UNAS,São Paulo,SP,"R$ 565.965,00","$ 108.839,42",306,https://benfeitoria.com/HELIPA,,,
409,Hígia - Protetores Faciais 3D,MARIA ELIZETE KUNKEL,São José dos Campos,SP,"R$ 56.695,45","$ 10.902,97",344,https://www.vakinha.com.br/vaquinha/protetores-faciais-ajude-a-combater-o-coronavirus,,,
410,HOSPITAL DE PIRAJU-SP - Ferramenta de auxílio Coronavírus,Hospital de Araujo,Piraju,SP,"R$ 16.522,52","$ 3.177,41",172,https://www.vakinha.com.br/vaquinha/hospital-de-piraju-sp-ferramenta-de-auxilio-coronavirus-bruno-braganca-pedro,,,
411,Impressão 3D de protetores faciais para profissionais da Saúde,"R$ 38.461,96",Parnamirim,RN,"R$ 38.461,96","$ 7.396,53",422,https://www.vakinha.com.br/vaquinha/impressao-3d-de-protetores-faciais,,,
412,Inspire - Respirador da Escola Politécnica da USP,Associação dos Engenheiros Politécnicos ,São Paulo,SP,"R$ 174.983,62","$ 33.650,70",779,https://www.vakinha.com.br/vaquinha/inspire-respirador-de-baixo-custo-da-escola-politecnica-da-usp,,,
413,Instituto do Câncer Infantil: Páscoa Solidária,Instituto do Câncer Infantil,Porto Alegre,RS,"R$ 17.865,00","$ 3.435,58",319,https://www.kickante.com.br/campanhas/instituto-do-cancer-pascoa-solidaria,,,
414,Instituto Brasil a Gosto | Ação Vale do Ribeira,Instituto Brasil a Gosto,Vale do Ribeira,SP,"R$ 155.260,00","$ 29.857,69",181,https://www.kickante.com.br/campanhas/instituto-brasil-gosto-familias-sem-fome,,,
415,Investindo pela Vida,Santa Casa de Misericórdia de Porto Alegre,Porto Alegre,RS,"R$ 158.672,88","$ 30.514,02",2101,https://www.vakinha.com.br/vaquinha/investindo-pela-vida,,,
416,Ippon no Corona,Instituto Reação,Rio de Janeiro,RJ,"R$ 844.080,00","$ 162.323,08",0,https://institutoreacao.abraceumacausa.com.br/,,,
417,ISLA: COZINHA DE COMBATE,Isla Café,São Paulo,SP,"R$ 72.890,98","$ 14.017,50",439,https://abacashi.com/p/isla_cozinha_solidaria,,,
418,Juntor por Criciúma,Cristina Angeloni Fretta,Criciúma,SC,"R$ 112.274,90","$ 21.591,33",562,https://www.vakinha.com.br/vaquinha/juntos-por-criciuma,,,
419,Juntos na luta contra o Coronavírus 2,Albert Einstein Voluntários,São Paulo,SP,"R$ 300.260,00","$ 57.742,31",0,https://www.facebook.com/voluntarioseinstein/,,,
420,Juntos pelo DF contra o coronavírus!,Codese,Brasília,DF,"R$ 13.046,50","$ 2.508,94",39,https://www.kickante.com.br/campanhas/juntos-pelo-df,,,
421,Juntos Podemos,Monte Bravo,São Paulo,SP,"R$ 83.003,00","$ 15.962,12",157,https://www.catarse.me/juntospodemos?ref=ctrse_explore_projects_we_love,,,
422,Juntos somos mais fortes,SINDALESC e AFALESC,Florianópolis,SC,"R$ 16.900,00","$ 3.250,00",169,https://www.catarse.me/juntossomosmaisfortes?ref=ctrse_explore_projects_we_love,,,
423,lab.au/fablab: Protetores faciais e Ventiladores pulmonares,lab.au/fablab - UFMT,Cuiabá,MT,"R$ 23.650,33","$ 4.548,14",228,https://www.vakinha.com.br/vaquinha/lab-au-producao-de-protetores-faciais-e-ventiladores-mecanicos,,,
424,Leito para o Hospital Universitário do Fundão,Hospital Universitário do Fundão,Rio de Janeiro,RJ,"R$ 28.435,00","$ 5.468,27",102,https://www.vakinha.com.br/vaquinha/leito-para-o-hospital-universitario,,,
425,Leitos contra o Coronavírus - UPA Bento Gonçalves,UPA Bento Gonçalves,Bento Gonçalves,RS,"R$ 53.726,51","$ 10.332,02",512,https://abacashi.com/p/vencercoronavirus,,,
426,Litro de Luz contra o COVID19,Litro de Luz,Nacional,BR,"R$ 15.758,86","$ 3.030,55",209,https://www.vakinha.com.br/vaquinha/luz-contra-o-covid19,,,
427,MAIS RESPIRADORES PRO NOSSO HBJ,Jurema Gontarski,Rio Negro,PR,"R$ 39.652,00","$ 7.625,38",184,https://www.vakinha.com.br/vaquinha/mais-respiradores-pro-nosso-hbj,,,
428,Máscaras de proteção para os profissionais da saúde de Sergipe,Leila Yoko de Moura Tsuha,Aracaju,SE,"R$ 28.800,00","$ 5.538,46",301,https://www.vakinha.com.br/vaquinha/mascaras-de-protecao-para-os-agentes-de-saude-do-huse-e-hu-leila-yoko-de-moura-tsuha,,,
429,Máscaras de tecido para a comunidade de Paraisópolis,DOUGLAS MACEDO DE FREITAS,Rio de Janeiro,SP,"R$ 18.118,13","$ 3.484,26",72,https://www.vakinha.com.br/vaquinha/ajuda-a-comunidade-de-paraisopolis-com-mascaras-caseiras,,,
430,Máscaras do Bem,Libertees,Belo Horizonte,MG,"R$ 10.453,00","$ 2.010,19",135,https://evoe.cc/mascara-do-bem-inclusao-social,,,
431,Máscaras para doação covid 19,Gabriel gusso krieger,Curitiba,PR,"R$ 15.630,65","$ 3.005,89",96,https://www.vakinha.com.br/vaquinha/mascaras-para-doacao-covid-19,,,
432,"Máscaras para os profissionais de saúde, na crise do Coronavirus",Universidade do Vale do Paraíba (UNIVAP),São José dos Campos,SP,"R$ 21.359,98","$ 4.107,69",205,https://www.vakinha.com.br/vaquinha/mascaras-para-os-profissionais-de-saude-na-crise-do-coronavirus,,,
433,Material para Hospital Publico,Juliana Maia Klein,,,"R$ 19.121,30","$ 3.677,17",54,https://www.vakinha.com.br/vaquinha/material-para-hospital-geral-grajau,,,
434,Mobiliza Campinas,FEAC,Campinas,SP,"R$ 1.321.609,00","$ 254.155,58",1200,https://www.feac.org.br/mobilizacampinas/,Descontado os 5 milhões da Fundação FECA,,
435,Mulheres no Combate,Celina Okubo,São Paulo,SP,"R$ 53.770,00","$ 10.340,38",262,https://www.kickante.com.br/campanhas/mulheres-no-combate-covid19,,,
436,Na Luta contra a COVID-19,Hospital Albert Einstein,São Paulo,SP,"R$ 24.850.000,00","$ 4.778.846,15",0,http://doacaocoronavirus.einstein.br/,Descontada doação de 150 mil reais da Engie,,
437,Na´kau não pode morrer!,Na´kau - Chocolate Amazônico,Manaus,AM,"R$ 40.700,00","$ 7.826,92",249,https://www.catarse.me/na_kau_nao_pode_morrer_3fc1,,,
438,"Não espalhe o vírus, #EspalheSolidariedade",Habitat Brazil,São Paulo,SP,"R$ 136.836,00","$ 26.314,62",745,https://www.catarse.me/espalhesolidariedade,,,
439,Naspec Enfrenta Dificuldades com o Corona Virus,Naspec,Salvador,BA,"R$ 16.603,54","$ 3.192,99",196,https://www.kickante.com.br/campanhas/naspec-enfrenta-dificuldades-em-temos-do-corona,,,
440,NEVERGIVEUP - AJude famílias afetadas pela COVID-19,ASID BRASIL - NRTW,Curtiba,PR,"R$ 43.505,00","$ 8.366,35",213,https://evoe.cc/nevergiveup,,,
441,Ninguém passa fome,Festival Novo Mundo,Porto Seguro,BA,"R$ 49.780,00","$ 9.573,08",391,https://evoe.cc/ninguem-passa-fome,,,
442,Os baleiros e pipoqueiros do Loyola precisam de nossa ajuda!,Alessandra L Starling,Belo Horizonte,MG,"R$ 24.380,43","$ 4.688,54",315,https://www.vakinha.com.br/vaquinha/loyola-solidario,,,
443,O legal pela Brasilândia,Banco de Alimentos,São Paulo,SP,"R$ 40.002,80","$ 7.692,85",0,https://bancodealimentos.colabore.org/olegalpelabra/single_step,,,
444,O Povo Asuriní do Trocará contra Covid-19,Asuriní,,,"R$ 11.579,00","$ 2.226,73",122,https://www.catarse.me/o_povo_asurini_do_trocara_contra_covid_19_e432,,,
445,Páscoa em Ação,Várias Organizações,São Paulo,SP,"R$ 21.320,00","$ 4.100,00",0,https://zurichsolidaria.abraceumacausa.com.br/,,,
446,Pessoas em situação de Rua ,Aline Helena Iozzi de Castro,São Paulo,SP,"R$ 28.080,00","$ 5.400,00",351,https://www.vakinha.com.br/vaquinha/moradores-em-situacao-de-rua,,,
447,Por Uma Quarentena Mais Justa,Teto,São Paulo,SP,"R$ 525.819,00","$ 101.119,04",2139,https://www.catarse.me/por_uma_quarentena_mais_justa_9f02?ref=project_link,,,
448,Povo Huni Kui contra a Covid-19,Federação do Povo Huni Kui do Estado do Acre - FEPHAC,Rio Branco,AC,"R$ 38.601,33","$ 7.423,33",309,https://www.kickante.com.br/campanhas/huni-kui-contra-covid-19,,,
449,Produção de 3.000 EPIs para profissionais de saúde,Makers Contra Covid,São Paulo,SP,"R$ 29.194,63","$ 5.614,35",274,https://www.vakinha.com.br/vaquinha/producao-de-300-viseiras-para-protecao-medica,,,
450,Projeto Doar in LOVE,Projeto Doar in Love,São Paulo,SP,"R$ 10.831,00","$ 2.082,88",54,https://www.kickante.com.br/campanhas/projeto-doar,,,
451,Projeto Dorcas - Cestas Básicas,Projeto Dorcas,Palhoça,SC,"R$ 30.943,00","$ 5.950,58",177,https://www.vakinha.com.br/vaquinha/projeto-dorcas-cestas-basicas,,,
452,Protetor Facial contra o COVID-19,Instituto Couto Maia,Salvador,BA,"R$ 66.689,43","$ 12.824,89",633,https://www.vakinha.com.br/vaquinha/desenvolvimento-de-mascaras-de-protecao-facial-contra-o-covid-19,,,
453,Protetores Faciais 3D,Lucas Hohmann,Curitiba,PR,"R$ 59.667,12","$ 11.474,45",374,https://www.vakinha.com.br/vaquinha/protetores-faciais-3d-curitiba-pr,,,
454,Protetores Faciais para Profissionais da Saúde de Curitiba PR,"Engenhar-MEC UFPR
",Curitiba,PR,"R$ 15.485,65","$ 2.978,01",147,https://www.vakinha.com.br/vaquinha/protetores-faciais-para-profissionais-da-saude-de-curitiba-pr,,,
455,Qual a fase da COVID? Biossensor no Combate!,Versalab Healthtech,Manaus,AM,"R$ 24.962,00","$ 4.800,38",101,https://www.kickante.com.br/campanhas/em-qual-fase-covid-esta,,,
456,"Quando falta você, falta tudo",Hospital Martagão Gesteira,Salvador,BA,"R$ 32.250,00","$ 6.201,92",375,https://www.kickante.com.br/campanhas/quando-falta-voce-falta-tudo,,,
457,QUARENTENA DA SOLIDARIEDADE,Felipe Becari,São Paulo,SP,"R$ 22.083,46","$ 4.246,82",382,https://www.vakinha.com.br/vaquinha/quarentena-da-solidariedade-felipe-becari,,,
458,Quarentena solidária,,São Paulo,SP,"R$ 31.281,83","$ 6.015,74",532,https://www.vakinha.com.br/vaquinha/quarentena-solidaria-michelle-perenyi,,,
459,QUARENTENA SOLIDÁRIA - OCA ESCOLA CULTURAL,Oca Escola Cultural,Carapicuíba,SP,"R$ 16.715,00","$ 3.214,42",98,https://www.kickante.com.br/campanhas/oca-apoia-familias-afetadas-pelo-coronavirus,,,
460,Quarentena Solidária - São Martinho,São Martinho,Rio de Janeiro,RJ,"R$ 20.785,00","$ 3.997,12",202,https://www.kickante.com.br/campanhas/quarentena-solidaria-sao-martinho,,,
461,RangÔ sp,RangÔ,São Paulo,SP,"R$ 74.688,00","$ 14.363,08",593,https://benfeitoria.com/rangosp,,,
462,Recitais Virtuais da Camerata Florianópolis,Camerata Florianópolis,Florianópolis,SC,"R$ 27.266,01","$ 5.243,46",276,https://www.kickante.com.br/campanhas/recitais-virtuais-da-camerata-florianopolis,,,
463,Rede Indígena - Apoio para Artesãs Ocupação Poa,Rede de Mulheres Indígenas Artesãs,Porto Alegre,RS,"R$ 12.802,00","$ 2.461,92",127,https://doacaolegal.com.br/c/redeindigena,,,
464,Refeições Solidárias - Isolamento Social,Fabio Machado,São Paulo,SP,"R$ 16.869,46","$ 3.244,13",118,https://www.vakinha.com.br/vaquinha/refeicoes-solidarias-isolamento-social,,,
465,Remanso Fraterno | Pelas nossas crianças!,Remando Fraterno,Niterói,RJ,"R$ 53.275,00","$ 10.245,19",405,https://www.kickante.com.br/campanhas/remanso-fraterno-pelas-nossas-criancas,,,
466,Renda mínima pros catadores,Pimp my Carroça,São Paulo,SP,"R$ 318.841,00","$ 61.315,58",2329,https://www.catarse.me/renda_minima_catadores,,,
467,RespirAção: Ajude o Hospital Montenegro,Hospital Montenegro,Montenegro,RS,"R$ 53.503,56","$ 10.289,15",466,https://www.vakinha.com.br/vaquinha/respiracao-ajude-o-hospital-montenegro,,,
468,Respirador para FUNDAHC - UFG em Goiânia,Laís Rassi,Goiânia,GO,"R$ 22.276,00","$ 4.283,85",92,https://www.catarse.me/respirador_para_fundahc_ufg_em_goiania_3f55?ref=ctrse_explore_projects_we_love,,,
469,Respirador para o Pronto Socorro de Guaranésia,Guaranésia,Guarnésia,MG,"R$ 18.135,17","$ 3.487,53",133,https://www.vakinha.com.br/vaquinha/respirador-para-o-pronto-socorro-de-guaranesia,,,
470,Respiradores STA Casa NH,Santa Casa de Novo Horizonte,Novo Horizonte,SP,"R$ 61.530,00","$ 11.832,69",67,https://www.vakinha.com.br/vaquinha/respiradores-nh,,,
471,Salvador contra o Coronavírus - Ajude os Catadores,Tarja Verde,Salvador,BA,"R$ 38.770,00","$ 7.455,77",335,https://www.catarse.me/leve_comida_para_quem_precisa_arrecadacao_de_cestas_basicas_para_catadores_em_salvador_6da7?ref=ctrse_explore_projects_we_love,,,
472,Santa Casa de Misericórdia de Piedade -SP,Santa Casa de Misericórdia de Piedade,Piedade,SP,"R$ 18.911,94","$ 3.636,91",120,https://www.vakinha.com.br/vaquinha/santa-casa-de-misericordia-de-piedade-colabore,,,
473,Santa Lúcia | Vaquinha Solidária,Santa Lúcia,Cabaceiras do Paraguaçu,BA,"R$ 30.090,00","$ 5.786,54",162,https://www.kickante.com.br/campanhas/santa-lucia-vaquinha-solidaria,,,
474,Saúde Mental,SPDM,São Paulo,SP,"R$ 16.936,00","$ 3.256,92",79,https://givebehindthemask.com/pelasaudemental,,,
475,Serão na Roça - Quando a primavera chegar,Nossa Maloca Sítio Cultural,Chapecó,SC,"R$ 16.805,00","$ 3.231,73",326,https://www.kickante.com.br/campanhas/serao-na-roca-quando-primavera-chegar,,,
476,Serrão Sem Corona,Serrão Sem Corona,Belo Horizonte,MG,"R$ 43.160,50","$ 8.300,10",300,https://evoe.cc/serraosemcorona,,,
477,Socorro na quarentena da Caritas Santa Suzana!,Caritas Santa Suzana,Santa Suzana,SP,"R$ 11.985,00","$ 2.304,81",89,https://www.kickante.com.br/campanhas/fundos-caritas-santa-suzana,,,
478,Social Solidário,Hospital de Amor e HSP,São Paulo,SP,"R$ 241.300,00","$ 46.403,85",0,http://www.socialsolidario.com.br/,,,
479,Solidariedade em tempos de Covid-19 - CAp-UERJ,Patrícia Nunes da Silva,Rio de Janeiro,RJ,"R$ 22.555,00","$ 4.337,50",159,https://www.kickante.com.br/campanhas/sementes-solidariedade-comunidade-cap-uerj-0,,,
480,SOS 3D Covid 19 contra o corona!,SOS 3D Covid 19,Rio de Janeiro,RJ,"R$ 16.233,08","$ 3.121,75",140,https://www.vakinha.com.br/vaquinha/sos-3d-covid-19-contra-o-corona,,,
481,SOS COMUNIDADES DA ZONA PORTUÁRIA - PARTE II,Favelas da Zona Portuária,Rio de Janeiro,RJ,"R$ 27.703,00","$ 5.327,50",157,https://www.vakinha.com.br/vaquinha/sos-zona-portuaria-parte-2,,,
482,SOS Manicures,Rita Oliveira Cardoso,São Paulo,SP,"R$ 34.660,48","$ 6.665,48",250,https://www.vakinha.com.br/vaquinha/sos-manicures-emilia-borges-itaim,,,
483,SUPERA-AÇÃO | COVID-19,Supera Parque + Startups,Ribeirão Preto,SP,"R$ 147.020,00","$ 28.273,08",646,https://www.catarse.me/supera_acao_covid_19_e4c6?ref=ctrse_explore_projects_we_love,,,
484,Todos Juntos Com A Casa Maria Helena,Casa Maria Helena,São Paulo,SP,"R$ 20.935,00","$ 4.025,96",48,https://www.kickante.com.br/campanhas/todos-juntos-com-casa-maria-helena,,,
485,Todas Pelo Maranhão,Instituto do Bem,Açailândia,MA,"R$ 49.760,00","$ 9.569,23",200,https://www.kickante.com.br/campanhas/todas-pelo-maranhao,,,
486,TRT1 SOLIDÁRIO - TERCEIRIZADOS,,Rio de Janeiro,RJ,"R$ 31.378,01","$ 6.034,23",340,https://www.vakinha.com.br/vaquinha/trt1-solidario-terceirizados,,,
487,Unidos por Penápolis!,Santa Casa de Misericórdia de Penápolis / AHBB,Penápolis,SP,"R$ 26.526,82","$ 5.101,31",246,https://www.vakinha.com.br/vaquinha/unidos-por-penapolis,,,
488,Vakinha destinada a comunidades do RJ,Naza Amarga,Rio de Janeiro,RJ,"R$ 44.700,54","$ 8.596,26",893,https://www.vakinha.com.br/vaquinha/vakinha-destinada-a-comunidades-do-rj,,,
489,Vamos ajudar quem mais precisa? #JuntosPelosIdosos,Pedrão,Florianópolis,SC,"R$ 19.993,21","$ 3.844,85",200,https://www.vakinha.com.br/vaquinha/vamos-ajudar-quem-mais-precisa-comidaparaosidosos,,,
490,VAQUINHA EMERGENCIAL COVID-19/ HOSPITAL DE PANAMBI,EQUIPE TSUNAMI 4x4,Panambi,RS,"R$ 26.153,00","$ 5.029,42",188,https://www.vakinha.com.br/vaquinha/vaquinha-emergencial-covidd-19-hospital-de-panambi,,,
491,Vaquinha para reformar casa de técnico de enfermagem que dormia em terraço para não contaminar a mãe,Joseildo,Campina Grande,PB,"R$ 45.865,00","$ 8.820,19",1011,https://voaa.me/enfermeiro-aluguel,,,
492,Vem pra Guerra HC,HC da USP,São Paulo,SP,"R$ 3.134.197,00","$ 602.730,19",11.500,https://www.charidy.com/vempraguerra,,,
493,Viver Fraternidade,Fraternidade sem Fronteiras,Campo Grande,MS,"R$ 433.571,72","$ 83.379,18",0,https://fraternidadesemfronteiras.colabore.org/viverfraternidadebr/single_step,,,
494,Viver Fraternidade 2,Fraternidade sem Fronteiras,Campo Grande,MS,"R$ 235.130,00","$ 45.217,31",0,https://fraternidadesemfronteiras.colabore.org/viverfraternidadeaf/single_step,,,
495,VOA Juquehy & Região - Vibre Ondas De Amor,Juquehy,Bertioga,SP,"R$ 28.464,00","$ 5.473,85",141,https://doacaolegal.com.br/c/voa-juquehy,,,
496,XôCorona,CUFA,São Paulo,SP,"R$ 68.517,00","$ 13.176,35",803,https://benfeitoria.com/xocorona,,,
,,Total,,,R$ 50.101.893,R$ 9.640.731,99.870,,,`,
,,,,,,,,,,,
,,Campanhas,,,R$ 466.846.529,R$ 89.783.930,,,,,
,,,,,,,,,,,
,,Doadores,,,448.524,,,,,,